1,Florida,Michigan,Florida,1,142,2019-08-25 03:00:00,1
2,BYU,Utah,Utah,1,441,2019-08-30 06:15:00,1
3,Memphis,Ole Miss,Memphis,1,455,2019-08-31 20:00:00,1
4,Kentucky,Toledo,Kentucky,1,182,2019-08-31 20:00:00,1
5,Stanford,Northwestern,Stanford,1,701,2019-09-01 00:00:00,1
6,Florida State,Boise State,Boise State,1,99,2019-08-31 20:00:00,1
7,Auburn,Oregon,Auburn,1,56,2019-09-01 03:30:00,1
8,Pittsburgh,Virginia,Virginia,1,342,2019-09-01 03:30:00,1
9,USC,Fresno State,USC,1,463,2019-09-01 06:30:00,1
10,Oklahoma,Houston,Oklahoma,1,300,2019-09-02 03:30:00,1
11,Ohio State,Cincinnati,Ohio State,2,553,2019-09-07 20:00:00,1
12,Maryland,Syracuse,Maryland,2,482,2019-09-07 20:00:00,1
13,Purdue,Vanderbilt,Purdue,2,637,2019-09-07 20:00:00,1
14,Clemson,Texas A&M,Clemson,2,500,2019-09-07 23:30:00,1
15,SMU,North Texas,SMU,2,308,2019-09-08 03:00:00,1
16,Tennessee,BYU,BYU,2,543,2019-09-08 03:00:00,1
17,Texas,LSU,LSU,2,206,2019-09-08 03:30:00,1
18,Auburn,Tulane,Auburn,2,409,2019-09-08 03:30:00,1
19,Washington,California,California,2,366,2019-09-08 06:30:00,1
20,USC,Stanford,USC,2,463,2019-09-08 06:30:00,1
21,Wake Forest,North Carolina,Wake Forest,3,69,2019-09-14 02:00:00,1
22,Mississippi State,Kansas State,Kansas State,3,210,2019-09-14 20:00:00,1
23,West Virginia,NC State,West Virginia,3,531,2019-09-14 20:00:00,1
24,UCF,Stanford,UCF,3,116,2019-09-14 23:30:00,1
25,BYU,USC,BYU,3,441,2019-09-14 23:30:00,1
26,Iowa State,Iowa,Iowa,3,380,2019-09-15 00:00:00,1
27,Washington,Hawai'i,Washington,3,366,2019-09-15 03:30:00,1
28,Purdue,TCU,TCU,3,637,2019-09-15 03:30:00,1
29,Virginia,Florida State,Virginia,3,660,2019-09-15 03:30:00,1
30,Arizona,Texas Tech,Arizona,3,47,2019-09-15 06:30:00,1
31,USC,Utah,USC,4,463,2019-09-21 05:00:00,1
32,Wisconsin,Michigan,Wisconsin,4,143,2019-09-21 20:00:00,1
33,Northwestern,Michigan State,Michigan State,4,642,2019-09-21 20:00:00,1
34,Texas A&M,Auburn,Auburn,4,433,2019-09-21 23:30:00,1
35,BYU,Washington,Washington,4,441,2019-09-21 23:30:00,1
36,North Carolina,Appalachian State,Appalachian State,4,416,2019-09-21 23:30:00,1
37,TCU,SMU,SMU,4,37,2019-09-21 23:30:00,1
38,New Mexico,New Mexico State,New Mexico,4,757,2019-09-22 00:30:00,1
39,Texas,Oklahoma State,Texas,4,206,2019-09-22 03:30:00,1
40,Georgia,Notre Dame,Georgia,4,650,2019-09-22 04:00:00,1
41,Maryland,Penn State,Penn State,5,482,2019-09-28 04:00:00,1
42,Toledo,BYU,Toledo,5,312,2019-09-28 20:00:00,1
43,North Carolina,Clemson,Clemson,5,416,2019-09-28 23:30:00,1
44,Notre Dame,Virginia,Notre Dame,5,546,2019-09-28 23:30:00,1
45,Washington,USC,Washington,5,366,2019-09-28 23:30:00,1
46,Baylor,Iowa State,Baylor,5,493,2019-09-28 23:30:00,1
47,Appalachian State,Coastal Carolina,Appalachian State,5,424,2019-09-28 23:30:00,1
48,Oklahoma State,Kansas State,Oklahoma State,5,106,2019-09-29 03:00:00,1
49,North Texas,Houston,Houston,5,44,2019-09-29 04:00:00,1
50,Utah,Washington State,Utah,5,611,2019-09-29 06:00:00,1
51,Cincinnati,UCF,Cincinnati,6,544,2019-10-05 04:00:00,1
52,Michigan,Iowa,Michigan,6,521,2019-10-05 20:00:00,1
53,Army,Tulane,Tulane,6,92,2019-10-05 20:00:00,1
54,Florida,Auburn,Florida,6,77,2019-10-05 23:30:00,1
55,Kansas State,Baylor,Baylor,6,85,2019-10-05 23:30:00,1
56,Buffalo,Ohio,Ohio,6,752,2019-10-05 23:30:00,1
57,Navy,Air Force,Navy,6,540,2019-10-05 23:30:00,1
58,Louisiana Monroe,Memphis,Memphis,6,474,2019-10-05 23:45:00,1
59,Ohio State,Michigan State,Ohio State,6,553,2019-10-06 03:30:00,1
60,Oregon,California,Oregon,6,60,2019-10-06 04:00:00,1
61,Louisiana,Appalachian State,Appalachian State,7,137,2019-10-10 04:00:00,1
62,Texas,Oklahoma,Oklahoma,7,189,2019-10-12 20:00:00,1
63,Wisconsin,Michigan State,Wisconsin,7,143,2019-10-12 23:30:00,1
64,Houston,Cincinnati,Cincinnati,7,404,2019-10-12 23:30:00,1
65,Southern Mississippi,North Texas,Southern Mississippi,7,527,2019-10-13 03:00:00,1
66,Notre Dame,USC,Notre Dame,7,546,2019-10-13 03:30:00,1
67,Iowa,Penn State,Penn State,7,425,2019-10-13 03:30:00,1
68,LSU,Florida,LSU,7,731,2019-10-13 04:00:00,1
69,Boise State,Hawai'i,Boise State,7,14,2019-10-13 06:15:00,1
70,Washington,Arizona,Arizona,7,47,2019-10-13 07:00:00,1
71,Kansas State,TCU,Kansas State,8,85,2019-10-19 22:30:00,1
72,Washington,Oregon,Oregon,8,366,2019-10-19 23:30:00,1
73,SMU,Temple,SMU,8,308,2019-10-19 23:30:00,1
74,Louisiana Tech,Southern Mississippi,Louisiana Tech,8,395,2019-10-19 23:30:00,1
75,Oklahoma State,Baylor,Baylor,8,106,2019-10-20 00:00:00,1
76,Utah,Arizona State,Utah,8,611,2019-10-20 02:00:00,1
77,Memphis,Tulane,Memphis,8,455,2019-10-20 03:00:00,1
78,Penn State,Michigan,Penn State,8,73,2019-10-20 03:30:00,1
79,USC,Arizona,USC,8,463,2019-10-20 05:30:00,1
80,BYU,Boise State,BYU,8,441,2019-10-20 06:15:00,1
81,Houston,SMU,SMU,9,404,2019-10-25 03:30:00,1
82,Ohio State,Wisconsin,Ohio State,9,553,2019-10-26 20:00:00,1
83,LSU,Auburn,LSU,9,731,2019-10-26 23:30:00,1
84,Iowa State,Oklahoma State,Oklahoma State,9,380,2019-10-26 23:30:00,1
85,UMass,Connecticut,Connecticut,9,781,2019-10-26 23:30:00,1
86,Temple,UCF,UCF,9,457,2019-10-27 03:00:00,1
87,Michigan,Notre Dame,Michigan,9,521,2019-10-27 03:30:00,1
88,Utah,California,Utah,9,611,2019-10-27 06:00:00,1
89,Air Force,Utah State,Air Force,9,258,2019-10-27 06:15:00,1
90,Oregon,Washington State,Oregon,9,60,2019-10-27 06:30:00,1
91,Appalachian State,Georgia Southern,Georgia Southern,10,424,2019-11-01 04:00:00,1
92,Eastern Michigan,Buffalo,Buffalo,10,643,2019-11-02 20:00:00,1
93,Florida,Georgia,Georgia,10,257,2019-11-02 23:30:00,1
94,Florida State,Miami,Miami,10,99,2019-11-02 23:30:00,1
95,Oklahoma State,TCU,Oklahoma State,10,106,2019-11-02 23:30:00,1
96,Washington,Utah,Utah,10,366,2019-11-03 00:00:00,1
97,Memphis,SMU,Memphis,10,455,2019-11-03 03:30:00,1
98,North Carolina,Virginia,Virginia,10,416,2019-11-03 03:30:00,1
99,USC,Oregon,Oregon,10,463,2019-11-03 04:00:00,1
100,Hawai'i,Fresno State,Fresno State,10,22,2019-11-03 08:59:00,1
101,Ohio,Miami,Miami,11,574,2019-11-07 06:00:00,1
102,Minnesota,Penn State,Minnesota,11,722,2019-11-09 22:00:00,1
103,TCU,Baylor,Baylor,11,37,2019-11-09 22:00:00,1
104,Alabama,LSU,LSU,11,123,2019-11-10 01:30:00,1
105,Texas,Kansas State,Texas,11,206,2019-11-10 01:30:00,1
106,Southern Mississippi,UAB,Southern Mississippi,11,527,2019-11-10 01:30:00,1
107,Wisconsin,Iowa,Wisconsin,11,143,2019-11-10 02:00:00,1
108,Florida Atlantic,Florida International,Florida Atlantic,11,265,2019-11-10 04:00:00,1
109,South Carolina,Appalachian State,Appalachian State,11,804,2019-11-10 05:00:00,1
110,Oklahoma,Iowa State,Oklahoma,11,300,2019-11-10 06:00:00,1
111,Penn State,Indiana,Penn State,12,73,2019-11-16 22:00:00,1
112,Michigan,Michigan State,Michigan,12,521,2019-11-16 22:00:00,1
113,Temple,Tulane,Temple,12,457,2019-11-16 22:00:00,1
114,Notre Dame,Navy,Notre Dame,12,546,2019-11-17 00:30:00,1
115,Clemson,Wake Forest,Clemson,12,500,2019-11-17 01:30:00,1
116,Auburn,Georgia,Georgia,12,409,2019-11-17 01:30:00,1
117,Iowa State,Texas,Iowa State,12,380,2019-11-17 01:30:00,1
118,Iowa,Minnesota,Iowa,12,425,2019-11-17 02:00:00,1
119,Baylor,Oklahoma,Oklahoma,12,493,2019-11-17 05:30:00,1
120,Utah,UCLA,Utah,12,611,2019-11-17 06:00:00,1
121,Ohio State,Penn State,Ohio State,13,553,2019-11-23 22:00:00,1
122,Iowa,Illinois,Iowa,13,425,2019-11-23 22:00:00,1
123,Tulane,UCF,UCF,13,78,2019-11-23 22:00:00,1
124,Montana State,Montana,Montana State,13,101,2019-11-24 00:00:00,1
125,Georgia,Texas A&M,Georgia,13,650,2019-11-24 01:30:00,1
126,Baylor,Texas,Baylor,13,493,2019-11-24 01:30:00,1
127,Indiana,Michigan,Michigan,13,500,2019-11-24 01:30:00,1
128,Stanford,California,California,13,701,2019-11-24 02:00:00,1
129,Cincinnati,Temple,Cincinnati,13,544,2019-11-24 05:00:00,1
130,Hawai'i,San Diego State,Hawai'i,13,22,2019-11-24 09:00:00,1
131,Virginia,Virginia Tech,Virginia,14,660,2019-11-29 22:00:00,1
132,Memphis,Cincinnati,Memphis,14,455,2019-11-30 01:30:00,1
133,Michigan,Ohio State,Ohio State,14,521,2019-11-30 22:00:00,1
134,Auburn,Alabama,Auburn,14,409,2019-12-01 01:30:00,1
135,Minnesota,Wisconsin,Wisconsin,14,722,2019-12-01 01:30:00,1
136,Florida Atlantic,Southern Mississippi,Florida Atlantic,14,265,2019-12-01 01:30:00,1
137,Stanford,Notre Dame,Notre Dame,14,701,2019-12-01 02:00:00,1
138,SMU,Tulane,SMU,14,308,2019-12-01 02:00:00,1
139,Kansas State,Iowa State,Kansas State,14,85,2019-12-01 05:00:00,1
140,Oklahoma State,Oklahoma,Oklahoma,14,106,2019-12-01 06:00:00,1
141,Oregon,Utah,Utah,17,635,2020-01-02 03:10:00,1
142,Oklahoma,Baylor,Oklahoma,17,515,2019-12-29 02:20:00,1
143,Appalachian State,Louisiana,Louisiana,17,516,2019-12-22 07:00:00,1
144,Central Michigan,Miami (OH),Central Michigan,17,757,2019-12-22 00:00:00,1
145,Florida Atlantic,UAB,Florida Atlantic,17,265,2019-12-22 01:30:00,1
146,Memphis,Cincinnati,Memphis,17,56,2019-12-28 22:00:00,1
147,LSU,Georgia,LSU,17,515,2019-12-29 02:20:00,1
148,Boise State,Hawai'i,Boise State,17,647,2019-12-22 05:30:00,1
149,Clemson,Virginia,Virginia,17,756,2019-12-29 06:20:00,1
150,Wisconsin,Ohio State,Ohio State,17,635,2020-01-02 03:10:00,1
151,Charlotte,Buffalo,Buffalo,17,729,2019-12-21 00:00:00,1
152,Kansas State,Utah State,Utah State,17,455,2020-01-01 01:45:00,1
153,San Diego State,Central Michigan,San Diego State,17,757,2019-12-22 00:00:00,1
154,Georgia Southern,Liberty,Liberty,17,557,2019-12-22 00:30:00,1
155,Florida Atlantic,SMU,Florida Atlantic,17,265,2019-12-22 01:30:00,1
156,Arkansas State,Florida International,Arkansas State,17,196,2019-12-22 03:30:00,1
157,Washington,Boise State,Washington,17,647,2019-12-22 05:30:00,1
158,UAB,Appalachian State,Appalachian State,17,516,2019-12-22 07:00:00,1
159,Marshall,UCF,UCF,17,599,2019-12-24 00:30:00,1
160,BYU,Hawai'i,Hawai'i,17,22,2019-12-25 06:00:00,1
161,Miami,Louisiana Tech,Louisiana Tech,17,370,2019-12-27 02:00:00,1
162,Eastern Michigan,Pittsburgh,Pittsburgh,17,278,2019-12-27 06:00:00,1
163,Temple,North Carolina,North Carolina,17,540,2019-12-27 22:00:00,1
164,Wake Forest,Michigan State,Michigan State,17,813,2019-12-28 01:20:00,1
165,Texas A&M,Oklahoma State,Texas A&M,17,548,2019-12-28 04:45:00,1
166,Iowa,USC,Iowa,17,589,2019-12-28 06:00:00,1
167,Washington State,Air Force,Air Force,17,167,2019-12-28 08:15:00,1
168,Penn State,Memphis,Penn State,17,56,2019-12-28 22:00:00,1
169,Iowa State,Notre Dame,Notre Dame,17,142,2019-12-28 22:00:00,1
170,LSU,Oklahoma,LSU,17,515,2019-12-29 02:20:00,1
171,Ohio State,Clemson,Clemson,17,756,2019-12-29 06:20:00,1
172,Western Michigan,Western Kentucky,Western Kentucky,17,308,2019-12-30 22:30:00,1
173,Louisville,Mississippi State,Louisville,17,545,2019-12-31 02:00:00,1
174,Illinois,California,California,17,452,2019-12-31 02:00:00,1
175,Virginia,Florida,Florida,17,335,2019-12-31 06:00:00,1
176,Kentucky,Virginia Tech,Kentucky,17,65,2019-12-31 22:00:00,1
177,Arizona State,Florida State,Arizona State,17,715,2020-01-01 00:00:00,1
178,Kansas State,Navy,Navy,17,455,2020-01-01 01:45:00,1
179,Georgia State,Wyoming,Wyoming,17,47,2020-01-01 02:30:00,1
180,Texas,Utah,Texas,17,11,2020-01-01 05:30:00,1
181,Auburn,Minnesota,Minnesota,17,599,2020-01-01 23:00:00,1
182,Alabama,Michigan,Alabama,17,142,2020-01-01 23:00:00,1
183,Wisconsin,Oregon,Oregon,17,635,2020-01-02 03:10:00,1
184,Baylor,Georgia,Georgia,17,516,2020-01-02 06:45:00,1
185,Cincinnati,Boston College,Cincinnati,17,447,2020-01-03 01:00:00,1
186,Texas,Indiana,Texas,17,11,2020-01-01 05:30:00,1
187,Nevada,Ohio,Ohio,17,14,2020-01-04 01:30:00,1
188,Tulane,Southern Mississippi,Tulane,17,37,2020-01-04 21:30:00,1
189,Miami,Louisiana,Louisiana,17,370,2019-12-27 02:00:00,1
190,Ohio State,Northwestern,Ohio State,33,466,2020-12-19 22:00:00,1
191,Iowa State,Oklahoma,Oklahoma,33,56,2020-12-19 22:00:00,1
192,Utah,Washington State,Utah,33,611,2020-12-19 23:30:00,1
193,Army,Air Force,Army,33,92,2020-12-20 01:00:00,1
194,Notre Dame,Clemson,Clemson,33,65,2020-12-20 02:00:00,1
195,Wisconsin,Minnesota,Wisconsin,33,143,2020-12-20 02:00:00,1
196,San José State,Boise State,San José State,33,647,2020-12-20 02:40:00,1
197,Florida,Alabama,Alabama,33,515,2020-12-20 06:00:00,1
198,Cincinnati,Tulsa,Cincinnati,33,544,2020-12-20 06:00:00,1
199,Colorado,Utah,Utah,32,277,2020-12-12 22:00:00,1
200,Miami,North Carolina,North Carolina,32,335,2020-12-13 01:30:00,1
201,Iowa,Wisconsin,Iowa,32,425,2020-12-13 01:30:00,1
202,Memphis,Houston,Memphis,32,455,2020-12-13 01:30:00,1
203,Florida State,Duke,Florida State,32,99,2020-12-13 02:00:00,1
204,UCLA,USC,USC,32,635,2020-12-13 05:30:00,1
205,Virginia Tech,Virginia,Virginia Tech,32,438,2020-12-13 06:00:00,1
206,BYU,San Diego State,BYU,32,441,2020-12-13 08:00:00,1
207,Mississippi State,Auburn,Auburn,32,210,2020-12-13 05:30:00,1
208,Baylor,Oklahoma State,Oklahoma State,32,493,2020-12-13 01:30:00,1
209,TCU,Oklahoma State,TCU,31,37,2020-12-05 22:00:00,1
210,Rutgers,Penn State,Penn State,31,675,2020-12-05 22:00:00,1
211,Tulane,Memphis,Tulane,31,78,2020-12-05 22:00:00,1
212,Missouri,Arkansas,Missouri,31,264,2020-12-05 22:00:00,1
213,Western Michigan,Eastern Michigan,Eastern Michigan,31,773,2020-12-06 00:00:00,1
214,Iowa State,West Virginia,Iowa State,31,380,2020-12-06 01:30:00,1
215,Wisconsin,Indiana,Indiana,31,143,2020-12-06 01:30:00,1
216,Coastal Carolina,BYU,Coastal Carolina,31,118,2020-12-06 03:30:00,1
217,Arizona State,UCLA,UCLA,31,716,2020-12-06 08:30:00,1
218,Utah,Oregon State,Utah,31,611,2020-12-06 08:30:00,1
219,Texas,Iowa State,Iowa State,30,206,2020-11-27 22:00:00,1
220,North Carolina,Notre Dame,Notre Dame,30,416,2020-11-28 01:30:00,1
221,Michigan,Penn State,Penn State,30,521,2020-11-28 22:00:00,1
222,Toledo,Ball State,Ball State,30,312,2020-11-28 22:00:00,1
223,East Carolina,SMU,East Carolina,30,227,2020-11-28 22:00:00,1
224,Alabama,Auburn,Alabama,30,123,2020-11-29 01:30:00,1
225,Ole Miss,Mississippi State,Ole Miss,30,765,2020-11-29 02:00:00,1
226,Purdue,Rutgers,Rutgers,30,637,2020-11-29 02:00:00,1
227,Ohio State,Indiana,Ohio State,29,553,2020-11-21 22:00:00,1
228,Coastal Carolina,Appalachian State,Coastal Carolina,29,118,2020-11-21 22:00:00,1
229,UCF,Cincinnati,Cincinnati,29,116,2020-11-22 01:30:00,1
230,Northwestern,Wisconsin,Northwestern,29,642,2020-11-22 01:30:00,1
231,Nevada,San Diego State,Nevada,29,473,2020-11-22 01:30:00,1
232,Iowa State,Kansas State,Iowa State,29,380,2020-11-22 02:00:00,1
233,Oklahoma,Oklahoma State,Oklahoma,29,300,2020-11-22 05:30:00,1
234,NC State,Liberty,NC State,29,154,2020-11-22 05:30:00,1
235,Rutgers,Michigan,Michigan,29,675,2020-11-22 05:30:00,1
236,Utah,USC,USC,29,611,2020-11-22 08:30:00,1
237,Virginia Tech,Miami,Miami,28,438,2020-11-14 22:00:00,1
238,Nebraska,Penn State,Nebraska,28,500,2020-11-14 22:00:00,1
239,Tulane,Army,Tulane,28,78,2020-11-14 22:00:00,1
240,UT San Antonio,UTEP,UT San Antonio,28,11,2020-11-15 01:00:00,1
241,Virginia,Louisville,Virginia,28,660,2020-11-15 01:30:00,1
242,San Diego State,Hawai'i,San Diego State,28,589,2020-11-15 02:00:00,1
243,Purdue,Northwestern,Northwestern,28,637,2020-11-15 03:00:00,1
244,Florida,Arkansas,Florida,28,77,2020-11-15 05:00:00,1
245,Tulsa,SMU,Tulsa,28,679,2020-11-15 05:00:00,1
246,Michigan,Wisconsin,Wisconsin,28,521,2020-11-15 05:30:00,1
247,Indiana,Michigan,Indiana,27,500,2020-11-07 22:00:00,1
248,USC,Arizona State,USC,27,463,2020-11-07 22:00:00,1
249,Texas,West Virginia,Texas,27,206,2020-11-07 22:00:00,1
250,Northwestern,Nebraska,Northwestern,27,642,2020-11-07 22:00:00,1
251,Georgia,Florida,Florida,27,257,2020-11-08 01:30:00,1
252,Cincinnati,Houston,Cincinnati,27,544,2020-11-08 01:30:00,1
253,Kansas State,Oklahoma State,Oklahoma State,27,85,2020-11-08 02:00:00,1
254,Notre Dame,Clemson,Notre Dame,27,546,2020-11-08 05:30:00,1
255,Arkansas,Tennessee,Arkansas,27,222,2020-11-08 05:30:00,1
256,Oregon State,Washington State,Washington State,27,606,2020-11-08 08:30:00,1
257,Cincinnati,Memphis,Cincinnati,26,544,2020-10-31 20:00:00,1
258,West Virginia,Kansas State,West Virginia,26,531,2020-10-31 20:00:00,1
259,Illinois,Purdue,Purdue,26,500,2020-10-31 20:00:00,1
260,Houston,UCF,UCF,26,404,2020-10-31 22:00:00,1
261,Baylor,TCU,TCU,26,493,2020-10-31 23:30:00,1
262,Auburn,LSU,Auburn,26,409,2020-10-31 23:30:00,1
263,Oklahoma State,Texas,Texas,26,106,2020-11-01 00:00:00,1
264,Air Force,Boise State,Boise State,26,258,2020-11-01 02:00:00,1
265,Penn State,Ohio State,Ohio State,26,73,2020-11-01 03:30:00,1
266,Texas A&M,Arkansas,Texas A&M,26,433,2020-11-01 03:30:00,1
267,North Carolina,NC State,North Carolina,25,416,2020-10-24 20:00:00,1
268,Kansas State,Kansas,Kansas State,25,85,2020-10-24 20:00:00,1
269,Ole Miss,Auburn,Auburn,25,765,2020-10-24 20:00:00,1
270,TCU,Oklahoma,Oklahoma,25,37,2020-10-24 20:00:00,1
271,Louisville,Florida State,Louisville,25,567,2020-10-24 20:00:00,1
272,Michigan State,Rutgers,Rutgers,25,689,2020-10-24 20:00:00,1
273,Oklahoma State,Iowa State,Oklahoma State,25,106,2020-10-24 23:30:00,1
274,Texas,Baylor,Texas,25,206,2020-10-24 23:30:00,1
275,Minnesota,Michigan,Michigan,25,722,2020-10-25 03:30:00,1
276,SMU,Cincinnati,Cincinnati,25,308,2020-10-25 05:00:00,1
277,UCF,Boise State,UCF,35,116,2021-09-03 03:00:00,1
278,Virginia Tech,North Carolina,Virginia Tech,35,438,2021-09-04 02:00:00,1
279,Wisconsin,Penn State,Penn State,35,143,2021-09-04 20:00:00,1
280,Kansas State,Stanford,Kansas State,35,56,2021-09-04 20:00:00,1
281,Miami,Alabama,Alabama,35,515,2021-09-04 23:30:00,1
282,Iowa,Indiana,Iowa,35,425,2021-09-04 23:30:00,1
283,Texas,Louisiana,Texas,35,206,2021-09-05 00:30:00,1
284,Clemson,Georgia,Georgia,35,65,2021-09-05 03:30:00,1
285,UCLA,LSU,UCLA,35,635,2021-08-28 23:30:00,1
286,California,Nevada,Nevada,35,138,2021-09-05 06:30:00,1
287,Ohio State,Oregon,Oregon,36,553,2021-09-11 20:00:00,1
288,Tennessee,Pittsburgh,Pittsburgh,36,543,2021-09-11 20:00:00,1
289,Nebraska,Buffalo,Nebraska,36,500,2021-09-11 23:30:00,1
290,Iowa State,Iowa,Iowa,36,380,2021-09-12 00:30:00,1
291,Washington State,Portland State,Washington State,36,480,2021-09-12 02:00:00,1
292,Arkansas,Texas,Arkansas,36,222,2021-09-12 03:00:00,1
293,Appalachian State,Miami,Appalachian State,36,335,2021-09-12 03:00:00,1
294,Mississippi State,NC State,Mississippi State,36,210,2021-09-12 03:00:00,1
295,Michigan,Washington,Michigan,36,521,2021-09-12 04:00:00,1
296,BYU,Utah,BYU,36,441,2021-09-12 06:15:00,1
297,Indiana,Cincinnati,Cincinnati,37,500,2021-09-18 20:00:00,1
298,West Virginia,Virginia Tech,West Virginia,37,531,2021-09-18 20:00:00,1
299,Miami,Michigan State,Michigan State,37,335,2021-09-18 20:00:00,1
300,Kansas State,Nevada,Kansas State,37,85,2021-09-18 22:00:00,1
301,Notre Dame,Purdue,Notre Dame,37,546,2021-09-18 22:30:00,1
302,Florida,Alabama,Alabama,37,77,2021-09-18 23:30:00,1
303,Penn State,Auburn,Penn State,37,73,2021-09-19 03:30:00,1
304,North Carolina,Virginia,North Carolina,37,416,2021-09-19 03:30:00,1
305,BYU,Arizona State,BYU,37,441,2021-09-19 06:15:00,1
306,UCLA,Fresno State,Fresno State,37,635,2021-09-19 06:45:00,1
307,Wisconsin,Notre Dame,Notre Dame,38,683,2021-09-25 20:00:00,1
308,Mississippi State,LSU,LSU,38,210,2021-09-25 20:00:00,1
309,Boston College,Missouri,Boston College,38,29,2021-09-25 20:00:00,1
310,TCU,SMU,SMU,38,37,2021-09-25 20:00:00,1
311,Arkansas,Texas A&M,Arkansas,38,56,2021-09-25 23:30:00,1
312,Memphis,UT San Antonio,UT San Antonio,38,455,2021-09-25 23:30:00,1
313,Florida State,Louisville,Louisville,38,99,2021-09-25 23:30:00,1
314,Illinois,Purdue,Illinois,38,637,2021-09-25 23:30:00,1
315,Stanford,UCLA,UCLA,38,701,2021-09-26 02:00:00,1
316,Oklahoma State,Kansas State,Oklahoma State,38,106,2021-09-26 03:00:00,1
317,Georgia,Arkansas,Georgia,39,650,2021-10-02 20:00:00,1
318,Wisconsin,Michigan,Michigan,39,143,2021-10-02 20:00:00,1
319,TCU,Texas,Texas,39,37,2021-10-02 20:00:00,1
320,Notre Dame,Cincinnati,Cincinnati,39,546,2021-10-02 22:30:00,1
321,Alabama,Ole Miss,Alabama,39,123,2021-10-02 23:30:00,1
322,Stanford,Oregon,Stanford,39,701,2021-10-02 23:30:00,1
323,Oklahoma State,Baylor,Oklahoma State,39,106,2021-10-03 03:00:00,1
324,Clemson,Boston College,Clemson,39,500,2021-10-03 03:30:00,1
325,LSU,Auburn,Auburn,39,731,2021-10-03 05:00:00,1
326,UCLA,Arizona State,Arizona State,39,635,2021-10-03 06:30:00,1
327,Texas,Oklahoma,Oklahoma,40,189,2021-10-09 20:00:00,1
328,Ole Miss,Arkansas,Ole Miss,40,765,2021-10-09 20:00:00,1
329,Duke,Georgia Tech,Georgia Tech,40,775,2021-10-09 20:30:00,1
330,Auburn,Georgia,Georgia,40,409,2021-10-09 23:30:00,1
331,BYU,Boise State,Boise State,40,441,2021-10-09 23:30:00,1
332,UMass,Connecticut,UMass,40,781,2021-10-09 23:30:00,1
333,Iowa,Penn State,Iowa,40,425,2021-10-10 00:00:00,1
334,UCF,East Carolina,UCF,40,116,2021-10-10 02:00:00,1
335,Western Kentucky,UT San Antonio,UT San Antonio,40,359,2021-10-10 03:00:00,1
336,Nebraska,Michigan,Michigan,40,500,2021-10-10 03:30:00,1
337,Louisiana,Appalachian State,Louisiana,41,137,2021-10-13 03:30:00,1
338,Texas,Oklahoma State,Oklahoma State,41,206,2021-10-16 20:00:00,1
339,Connecticut,Yale,Connecticut,41,605,2021-10-16 20:00:00,1
340,Georgia,Kentucky,Georgia,41,650,2021-10-16 23:30:00,1
341,Baylor,BYU,Baylor,41,493,2021-10-16 23:30:00,1
342,North Carolina,Miami,North Carolina,41,416,2021-10-16 23:30:00,1
343,Mississippi State,Alabama,Alabama,41,210,2021-10-17 03:00:00,1
344,Tennessee,Ole Miss,Ole Miss,41,543,2021-10-17 03:30:00,1
345,Kansas State,Iowa State,Iowa State,41,85,2021-10-17 03:30:00,1
346,Wisconsin,Army,Wisconsin,41,143,2021-10-17 04:00:00,1
347,Appalachian State,Coastal Carolina,Appalachian State,42,424,2021-10-21 03:30:00,1
348,Army,Wake Forest,Wake Forest,42,92,2021-10-23 20:00:00,1
349,Purdue,Wisconsin,Wisconsin,42,637,2021-10-23 23:00:00,1
350,Iowa State,Oklahoma State,Iowa State,42,380,2021-10-23 23:30:00,1
351,UCLA,Oregon,Oregon,42,635,2021-10-23 23:30:00,1
352,Pittsburgh,Clemson,Pittsburgh,42,342,2021-10-23 23:30:00,1
353,Toledo,Western Michigan,Toledo,42,312,2021-10-23 23:30:00,1
354,Washington State,BYU,BYU,42,480,2021-10-23 23:30:00,1
355,Notre Dame,USC,Notre Dame,42,546,2021-10-24 03:30:00,1
356,Miami,NC State,Miami,42,335,2021-10-24 03:30:00,1
357,Michigan State,Michigan,Michigan State,43,689,2021-10-30 20:00:00,1
358,Baylor,Texas,Baylor,43,493,2021-10-30 20:00:00,1
359,Florida,Georgia,Georgia,43,257,2021-10-30 23:30:00,1
360,Auburn,Ole Miss,Auburn,43,409,2021-10-31 03:00:00,1
361,Mississippi State,Kentucky,Mississippi State,43,210,2021-10-31 03:00:00,1
362,Houston,SMU,Houston,43,404,2021-10-31 03:00:00,1
363,Ohio State,Penn State,Ohio State,43,553,2021-10-31 03:30:00,1
364,Utah,UCLA,Utah,43,611,2021-10-31 06:00:00,1
365,BYU,Virginia,BYU,43,441,2021-10-31 06:15:00,1
366,San Diego State,Fresno State,Fresno State,43,589,2021-10-31 06:30:00,1
367,Boston College,Virginia Tech,Boston College,44,29,2021-11-06 03:30:00,1
368,North Carolina,Wake Forest,North Carolina,44,416,2021-11-06 20:00:00,1
369,Ole Miss,Liberty,Ole Miss,44,765,2021-11-06 20:00:00,1
370,Kansas,Kansas State,Kansas State,44,500,2021-11-06 20:00:00,1
371,Texas A&M,Auburn,Texas A&M,44,433,2021-11-06 23:30:00,1
372,Maryland,Penn State,Penn State,44,482,2021-11-06 23:30:00,1
373,Arkansas,Mississippi State,Arkansas,44,222,2021-11-07 00:00:00,1
374,Kentucky,Tennessee,Tennessee,44,182,2021-11-07 03:00:00,1
375,Fresno State,Boise State,Boise State,44,129,2021-11-07 03:00:00,1
376,Iowa State,Texas,Iowa State,44,380,2021-11-07 03:30:00,1
377,Pittsburgh,North Carolina,Pittsburgh,45,342,2021-11-12 05:30:00,1
378,Penn State,Michigan,Michigan,45,73,2021-11-13 22:00:00,1
379,Baylor,Oklahoma,Baylor,45,493,2021-11-13 22:00:00,1
380,Auburn,Mississippi State,Mississippi State,45,409,2021-11-13 22:00:00,1
381,SMU,UCF,SMU,45,308,2021-11-13 22:00:00,1
382,Tennessee,Georgia,Georgia,45,543,2021-11-14 01:30:00,1
383,Iowa,Minnesota,Iowa,45,425,2021-11-14 01:30:00,1
384,Ole Miss,Texas A&M,Ole Miss,45,765,2021-11-14 05:00:00,1
385,Wake Forest,NC State,Wake Forest,45,69,2021-11-14 05:30:00,1
386,Virginia,Notre Dame,Notre Dame,45,660,2021-11-14 05:30:00,1
387,Ohio State,Michigan State,Ohio State,46,553,2021-11-20 22:00:00,1
388,Clemson,Wake Forest,Clemson,46,500,2021-11-20 22:00:00,1
389,Alabama,Arkansas,Alabama,46,123,2021-11-21 01:30:00,1
390,Cincinnati,SMU,Cincinnati,46,544,2021-11-21 01:30:00,1
391,Maryland,Michigan,Michigan,46,482,2021-11-21 01:30:00,1
392,Pittsburgh,Virginia,Pittsburgh,46,342,2021-11-21 01:30:00,1
393,UT San Antonio,UAB,UT San Antonio,46,11,2021-11-21 01:30:00,1
394,Kansas State,Baylor,Baylor,46,85,2021-11-21 03:30:00,1
395,Utah,Oregon,Utah,46,611,2021-11-21 05:30:00,1
396,Oregon State,Arizona State,Oregon State,46,606,2021-11-21 08:30:00,1
397,San Diego State,Boise State,San Diego State,47,712,2021-11-26 22:00:00,1
398,Michigan,Ohio State,Michigan,47,521,2021-11-27 22:00:00,1
399,Florida,Florida State,Florida,47,77,2021-11-27 22:00:00,1
400,Oregon,Oregon State,Oregon,47,60,2021-11-28 01:30:00,1
401,Marshall,Western Kentucky,Western Kentucky,47,394,2021-11-28 01:30:00,1
402,Virginia,Virginia Tech,Virginia Tech,47,660,2021-11-28 01:45:00,1
403,Minnesota,Wisconsin,Minnesota,47,722,2021-11-28 02:00:00,1
404,Oklahoma State,Oklahoma,Oklahoma State,47,106,2021-11-28 05:30:00,1
405,Louisville,Kentucky,Kentucky,47,567,2021-11-28 05:30:00,1
406,South Carolina,Clemson,Clemson,47,804,2021-11-28 05:30:00,1
407,UT San Antonio,Western Kentucky,UT San Antonio,48,11,2021-12-04 05:00:00,1
408,Utah,Oregon,Utah,48,19,2021-12-04 06:00:00,1
409,Oklahoma State,Baylor,Baylor,48,56,2021-12-04 22:00:00,1
410,Northern Illinois,Kent State,Northern Illinois,48,278,2021-12-04 22:00:00,1
411,San Diego State,Utah State,Utah State,48,712,2021-12-05 01:00:00,1
412,Louisiana,Appalachian State,Louisiana,48,137,2021-12-05 01:30:00,1
413,Alabama,Georgia,Alabama,48,515,2021-12-05 02:00:00,1
414,Cincinnati,Houston,Cincinnati,48,544,2021-12-05 02:00:00,1
415,Iowa,Michigan,Michigan,48,466,2021-12-05 06:00:00,1
416,Wake Forest,Pittsburgh,Pittsburgh,48,65,2021-12-05 06:00:00,1
417,Toledo,Middle Tennessee,Middle Tennessee,50,729,2021-12-17 22:00:00,1
418,Coastal Carolina,Northern Illinois,Coastal Carolina,50,557,2021-12-18 04:00:00,1
419,Appalachian State,Western Kentucky,Western Kentucky,50,265,2021-12-18 21:00:00,1
420,Fresno State,UTEP,Fresno State,50,757,2021-12-19 00:15:00,1
421,BYU,UAB,UAB,50,370,2021-12-19 01:30:00,1
422,Liberty,Eastern Michigan,Liberty,50,330,2021-12-19 03:45:00,1
423,Oregon State,Utah State,Utah State,50,682,2021-12-19 05:30:00,1
424,Marshall,Louisiana,Louisiana,50,516,2021-12-19 07:15:00,1
425,Tulsa,Old Dominion,Tulsa,50,118,2021-12-21 00:30:00,1
426,Wyoming,Kent State,Wyoming,50,14,2021-12-22 01:30:00,1
427,San Diego State,UT San Antonio,San Diego State,50,743,2021-12-22 05:30:00,1
428,Army,Missouri,Army,50,37,2021-12-23 06:00:00,1
429,Miami (OH),North Texas,Miami (OH),50,743,2021-12-24 01:30:00,1
430,Florida,UCF,UCF,50,599,2021-12-24 05:00:00,1
431,Ball State,Georgia State,Georgia State,50,196,2021-12-26 00:30:00,1
432,Nevada,Western Michigan,Western Michigan,50,278,2021-12-27 21:00:00,1
433,Auburn,Houston,Houston,50,585,2021-12-28 22:00:00,1
434,Louisville,Air Force,Air Force,50,308,2021-12-29 01:15:00,1
435,Texas Tech,Mississippi State,Texas Tech,50,455,2021-12-29 04:45:00,1
436,Minnesota,West Virginia,Minnesota,50,167,2021-12-29 08:15:00,1
437,Virginia Tech,Maryland,Maryland,50,813,2021-12-30 00:15:00,1
438,Iowa State,Clemson,Clemson,50,142,2021-12-30 03:45:00,1
439,Oklahoma,Oregon,Oklahoma,50,11,2021-12-30 07:15:00,1
440,South Carolina,North Carolina,South Carolina,50,65,2021-12-30 21:30:00,1
441,Purdue,Tennessee,Purdue,50,545,2021-12-31 01:00:00,1
442,Michigan State,Pittsburgh,Michigan State,50,515,2021-12-31 05:00:00,1
443,Arizona State,Wisconsin,Wisconsin,50,19,2021-12-31 08:30:00,1
444,Alabama,Cincinnati,Alabama,50,56,2022-01-01 01:30:00,1
445,Michigan,Georgia,Georgia,50,335,2022-01-01 05:30:00,1
446,Arkansas,Penn State,Arkansas,50,599,2022-01-01 22:00:00,1
447,Notre Dame,Oklahoma State,Oklahoma State,50,756,2022-01-01 23:00:00,1
448,Kentucky,Iowa,Kentucky,50,142,2022-01-01 23:00:00,1
449,Ohio State,Utah,Ohio State,50,635,2022-01-02 03:00:00,1
450,Ole Miss,Baylor,Baylor,50,516,2022-01-02 06:45:00,1
451,Kansas State,LSU,Kansas State,50,548,2022-01-05 07:00:00,1
452,Alabama,Georgia,Alabama,50,56,2022-01-01 01:30:00,1
453,Pittsburgh,West Virginia,Pittsburgh,51,342,2022-09-02 03:00:00,1
454,Appalachian State,North Carolina,North Carolina,51,424,2022-09-03 20:00:00,1
455,Georgia,Oregon,Georgia,51,515,2022-09-03 23:30:00,1
456,Arkansas,Cincinnati,Arkansas,51,222,2022-09-03 23:30:00,1
457,UT San Antonio,Houston,Houston,51,11,2022-09-03 23:30:00,1
458,Florida,Utah,Florida,51,77,2022-09-04 03:00:00,1
459,Coastal Carolina,Army,Coastal Carolina,51,118,2022-09-04 03:00:00,1
460,Ohio State,Notre Dame,Ohio State,51,553,2022-09-04 03:30:00,1
461,Oregon State,Boise State,Oregon State,51,606,2022-09-04 06:30:00,1
462,LSU,Florida State,LSU,51,516,2022-09-05 03:30:00,1
463,Texas,Alabama,Alabama,52,206,2022-09-10 20:00:00,1
464,Texas A&M,Appalachian State,Appalachian State,52,433,2022-09-10 23:30:00,1
465,Pittsburgh,Tennessee,Tennessee,52,342,2022-09-10 23:30:00,1
466,Texas Tech,Houston,Texas Tech,52,407,2022-09-11 00:00:00,1
467,Iowa,Iowa State,Iowa State,52,425,2022-09-11 00:00:00,1
468,Florida,Kentucky,Kentucky,52,77,2022-09-11 03:00:00,1
469,Stanford,USC,USC,52,701,2022-09-11 03:30:00,1
470,BYU,Baylor,BYU,52,441,2022-09-11 06:15:00,1
471,Fresno State,Oregon State,Oregon State,52,129,2022-09-11 06:30:00,1
472,Arizona,Mississippi State,Mississippi State,52,47,2022-09-11 07:00:00,1
473,Oregon,BYU,Oregon,53,60,2022-09-17 23:30:00,1
474,Auburn,Penn State,Penn State,53,409,2022-09-17 23:30:00,1
475,Houston,Kansas,Kansas,53,404,2022-09-18 00:00:00,1
476,LSU,Mississippi State,LSU,53,731,2022-09-18 02:00:00,1
477,Washington,Michigan State,Washington,53,366,2022-09-18 03:30:00,1
478,Texas,UT San Antonio,Texas,53,206,2022-09-18 04:00:00,1
479,Texas A&M,Miami,Texas A&M,53,433,2022-09-18 05:00:00,1
480,Utah,San Diego State,Utah,53,611,2022-09-18 06:00:00,1
481,USC,Fresno State,USC,53,463,2022-09-18 06:30:00,1
482,Arizona,North Dakota State,Arizona,53,47,2022-09-18 07:00:00,1
483,Wake Forest,Clemson,Clemson,54,69,2022-09-24 20:00:00,1
484,SMU,TCU,TCU,54,308,2022-09-24 20:00:00,1
485,Kansas,Duke,Kansas,54,500,2022-09-24 20:00:00,1
486,Tennessee,Florida,Tennessee,54,543,2022-09-24 23:30:00,1
487,North Carolina,Notre Dame,Notre Dame,54,416,2022-09-24 23:30:00,1
488,Appalachian State,James Madison,James Madison,54,424,2022-09-24 23:30:00,1
489,Washington State,Oregon,Oregon,54,480,2022-09-25 00:00:00,1
490,Texas A&M,Arkansas,Texas A&M,54,56,2022-09-25 03:00:00,1
491,Ohio State,Wisconsin,Ohio State,54,553,2022-09-25 03:30:00,1
492,Oregon State,USC,USC,54,606,2022-09-25 05:30:00,1
493,UCLA,Washington,UCLA,55,635,2022-10-01 06:30:00,1
494,Ole Miss,Kentucky,Ole Miss,55,765,2022-10-01 20:00:00,1
495,Utah,Oregon State,Utah,55,611,2022-10-01 22:00:00,1
496,Arkansas,Alabama,Alabama,55,222,2022-10-01 23:30:00,1
497,Baylor,Oklahoma State,Oklahoma State,55,493,2022-10-01 23:30:00,1
498,Florida State,Wake Forest,Wake Forest,55,99,2022-10-01 23:30:00,1
499,Kansas,Iowa State,Kansas,55,500,2022-10-01 23:30:00,1
500,Western Kentucky,Troy,Troy,55,359,2022-10-02 03:00:00,1
501,Clemson,NC State,Clemson,55,500,2022-10-02 03:30:00,1
502,San José State,UNLV,San José State,56,689,2022-10-08 06:30:00,1
503,LSU,Tennessee,Tennessee,56,731,2022-10-08 20:00:00,1
504,Kansas,TCU,TCU,56,500,2022-10-08 20:00:00,1
505,Mississippi State,Arkansas,Mississippi State,56,210,2022-10-08 20:00:00,1
506,Oklahoma,Texas,Texas,56,189,2022-10-08 20:00:00,1
507,Maryland,Purdue,Purdue,56,482,2022-10-08 20:00:00,1
508,UCLA,Utah,UCLA,56,635,2022-10-08 23:30:00,1
509,USC,Washington State,USC,56,463,2022-10-09 03:30:00,1
510,Notre Dame,BYU,Notre Dame,56,19,2022-10-09 03:30:00,1
511,NC State,Florida State,NC State,56,154,2022-10-09 04:00:00,1
512,Michigan,Penn State,Michigan,57,521,2022-10-15 20:00:00,1
513,Oklahoma,Kansas,Oklahoma,57,300,2022-10-15 20:00:00,1
514,Illinois,Minnesota,Illinois,57,500,2022-10-15 20:00:00,1
515,Tennessee,Alabama,Tennessee,57,543,2022-10-15 23:30:00,1
516,TCU,Oklahoma State,TCU,57,37,2022-10-15 23:30:00,1
517,Syracuse,NC State,Syracuse,57,152,2022-10-15 23:30:00,1
518,Florida State,Clemson,Clemson,57,99,2022-10-16 03:30:00,1
519,Utah,USC,Utah,57,611,2022-10-16 04:00:00,1
520,New Mexico State,New Mexico,New Mexico State,57,6,2022-10-16 04:00:00,1
521,Oregon State,Washington State,Oregon State,57,606,2022-10-16 05:00:00,1
522,SMU,Cincinnati,Cincinnati,58,308,2022-10-22 20:00:00,1
523,Baylor,Kansas,Baylor,58,493,2022-10-22 20:00:00,1
524,LSU,Ole Miss,LSU,58,731,2022-10-22 23:30:00,1
525,Oregon,UCLA,Oregon,58,60,2022-10-22 23:30:00,1
526,Oklahoma State,Texas,Oklahoma State,58,106,2022-10-22 23:30:00,1
527,Colorado State,Hawai'i,Colorado State,58,145,2022-10-23 00:00:00,1
528,Alabama,Mississippi State,Alabama,58,123,2022-10-23 03:00:00,1
529,Penn State,Minnesota,Penn State,58,73,2022-10-23 03:30:00,1
530,East Carolina,UCF,East Carolina,58,227,2022-10-23 03:30:00,1
531,TCU,Kansas State,TCU,58,37,2022-10-23 04:00:00,1
532,Southern Mississippi,Louisiana,Southern Mississippi,59,527,2022-10-28 03:30:00,1
533,Penn State,Ohio State,Ohio State,59,73,2022-10-29 20:00:00,1
534,Syracuse,Notre Dame,Notre Dame,59,152,2022-10-29 20:00:00,1
535,Kansas State,Oklahoma State,Kansas State,59,85,2022-10-29 23:30:00,1
536,UCF,Cincinnati,UCF,59,116,2022-10-29 23:30:00,1
537,Iowa,Northwestern,Iowa,59,425,2022-10-29 23:30:00,1
538,UMass,New Mexico State,New Mexico State,59,781,2022-10-29 23:30:00,1
539,Tennessee,Kentucky,Tennessee,59,543,2022-10-30 03:00:00,1
540,North Carolina,Pittsburgh,North Carolina,59,416,2022-10-30 04:00:00,1
541,Fresno State,San Diego State,Fresno State,59,129,2022-10-30 06:30:00,1
542,Washington,Oregon State,Washington,60,366,2022-11-05 06:30:00,1
543,Georgia,Tennessee,Georgia,60,650,2022-11-05 23:30:00,1
544,Kansas,Oklahoma State,Kansas,60,500,2022-11-05 23:30:00,1
545,Pittsburgh,Syracuse,Pittsburgh,60,342,2022-11-05 23:30:00,1
546,Arkansas,Liberty,Liberty,60,222,2022-11-06 00:00:00,1
547,LSU,Alabama,LSU,60,731,2022-11-06 03:00:00,1
548,Kansas State,Texas,Texas,60,85,2022-11-06 03:00:00,1
549,Notre Dame,Clemson,Notre Dame,60,546,2022-11-06 03:30:00,1
550,Louisville,James Madison,Louisville,60,567,2022-11-06 03:30:00,1
551,NC State,Wake Forest,NC State,60,154,2022-11-06 04:00:00,1
552,Cincinnati,East Carolina,Cincinnati,61,544,2022-11-12 06:00:00,1
553,Old Dominion,James Madison,James Madison,61,279,2022-11-12 23:00:00,1
554,Baylor,Kansas State,Kansas State,61,493,2022-11-13 05:00:00,1
555,Illinois,Purdue,Purdue,61,500,2022-11-12 22:00:00,1
556,Ole Miss,Alabama,Alabama,61,765,2022-11-13 01:30:00,1
557,Tulane,UCF,UCF,61,78,2022-11-13 01:30:00,1
558,Texas,TCU,TCU,61,206,2022-11-13 05:30:00,1
559,Wake Forest,North Carolina,North Carolina,61,69,2022-11-13 05:30:00,1
560,Auburn,Texas A&M,Auburn,61,409,2022-11-13 05:30:00,1
561,Syracuse,Florida State,Florida State,61,152,2022-11-13 06:00:00,1
562,Michigan,Illinois,Michigan,62,521,2022-11-19 22:00:00,1
563,Baylor,TCU,TCU,62,493,2022-11-19 22:00:00,1
564,Army,Connecticut,Army,62,92,2022-11-19 22:00:00,1
565,East Carolina,Houston,Houston,62,227,2022-11-20 00:00:00,1
566,Kansas,Texas,Texas,62,500,2022-11-20 01:30:00,1
567,Minnesota,Iowa,Iowa,62,722,2022-11-20 02:00:00,1
568,Oklahoma,Oklahoma State,Oklahoma,62,300,2022-11-20 05:30:00,1
569,UCLA,USC,USC,62,635,2022-11-20 06:00:00,1
570,Wake Forest,Syracuse,Wake Forest,62,69,2022-11-20 06:00:00,1
571,Oregon,Utah,Oregon,62,60,2022-11-20 08:30:00,1
572,Cincinnati,Tulane,Tulane,63,544,2022-11-25 22:00:00,1
573,Florida State,Florida,Florida State,63,99,2022-11-26 05:30:00,1
574,Ohio State,Michigan,Michigan,63,553,2022-11-26 22:00:00,1
575,Clemson,South Carolina,South Carolina,63,500,2022-11-26 22:00:00,1
576,James Madison,Coastal Carolina,James Madison,63,114,2022-11-26 22:00:00,1
577,Kentucky,Louisville,Kentucky,63,182,2022-11-27 01:00:00,1
578,Oregon State,Oregon,Oregon State,63,606,2022-11-27 01:30:00,1
579,Duke,Wake Forest,Duke,63,775,2022-11-27 01:30:00,1
580,USC,Notre Dame,USC,63,463,2022-11-27 05:30:00,1
581,Kansas State,Kansas,Kansas State,63,85,2022-11-27 06:00:00,1
582,UT San Antonio,North Texas,UT San Antonio,64,11,2022-12-03 05:30:00,1
583,USC,Utah,Utah,64,19,2022-12-03 06:00:00,1
584,TCU,Kansas State,Kansas State,64,56,2022-12-03 22:00:00,1
585,Ohio,Toledo,Toledo,64,278,2022-12-03 22:00:00,1
586,Troy,Coastal Carolina,Troy,64,767,2022-12-04 01:30:00,1
587,Georgia,LSU,Georgia,64,515,2022-12-04 02:00:00,1
588,Tulane,UCF,Tulane,64,78,2022-12-04 02:00:00,1
589,Boise State,Fresno State,Fresno State,64,14,2022-12-04 02:00:00,1
590,Michigan,Purdue,Michigan,64,466,2022-12-04 06:00:00,1
591,UAB,Miami (OH),UAB,66,729,2022-12-16 21:30:00,1
592,Troy,UT San Antonio,Troy,66,557,2022-12-17 01:00:00,1
593,Louisville,Cincinnati,Louisville,66,267,2022-12-17 21:00:00,1
594,Oregon State,Florida,Oregon State,66,19,2022-12-18 00:30:00,1
595,Fresno State,Washington State,Fresno State,66,682,2022-12-18 01:30:00,1
596,Southern Mississippi,Rice,Southern Mississippi,66,330,2022-12-18 03:45:00,1
597,BYU,SMU,BYU,66,757,2022-12-18 05:30:00,1
598,Boise State,North Texas,Boise State,66,743,2022-12-18 07:15:00,1
599,Connecticut,Marshall,Marshall,66,118,2022-12-20 00:30:00,1
600,San José State,Eastern Michigan,Eastern Michigan,66,14,2022-12-21 01:30:00,1
601,Toledo,Liberty,Toledo,66,265,2022-12-21 05:30:00,1
602,South Alabama,Western Kentucky,Western Kentucky,66,516,2022-12-22 07:00:00,1
603,Air Force,Baylor,Air Force,66,37,2022-12-23 05:30:00,1
604,Houston,Louisiana,Houston,66,370,2022-12-24 01:00:00,1
605,Missouri,Wake Forest,Wake Forest,66,599,2022-12-24 04:30:00,1
606,San Diego State,Middle Tennessee,Middle Tennessee,66,176,2022-12-25 06:00:00,1
607,Bowling Green,New Mexico State,New Mexico State,66,278,2022-12-27 00:30:00,1
608,Buffalo,Georgia Southern,Buffalo,66,196,2022-12-27 22:00:00,1
609,Utah State,Memphis,Memphis,66,308,2022-12-28 01:15:00,1
610,East Carolina,Coastal Carolina,East Carolina,66,585,2022-12-28 04:45:00,1
611,Oklahoma State,Wisconsin,Wisconsin,66,167,2022-12-28 08:15:00,1
612,Duke,UCF,Duke,66,540,2022-12-29 00:00:00,1
613,Arkansas,Kansas,Arkansas,66,455,2022-12-29 03:30:00,1
614,North Carolina,Oregon,Oregon,66,576,2022-12-29 06:00:00,1
615,Ole Miss,Texas Tech,Texas Tech,66,548,2022-12-29 07:00:00,1
616,Minnesota,Syracuse,Minnesota,66,813,2022-12-30 00:00:00,1
617,Florida State,Oklahoma,Florida State,66,142,2022-12-30 03:30:00,1
618,Washington,Texas,Washington,66,11,2022-12-30 07:00:00,1
619,NC State,Maryland,Maryland,66,65,2022-12-30 22:00:00,1
620,UCLA,Pittsburgh,Pittsburgh,66,715,2022-12-31 00:00:00,1
621,South Carolina,Notre Dame,Notre Dame,66,257,2022-12-31 01:30:00,1
622,Wyoming,Ohio,Ohio,66,47,2022-12-31 02:30:00,1
623,Clemson,Tennessee,Tennessee,66,335,2022-12-31 06:00:00,1
624,Kansas State,Alabama,Alabama,66,516,2022-12-31 22:00:00,1
625,Kentucky,Iowa,Iowa,66,545,2022-12-31 22:00:00,1
626,Michigan,TCU,TCU,66,756,2023-01-01 02:00:00,1
627,Georgia,Ohio State,Georgia,66,515,2023-01-01 06:00:00,1
628,Illinois,Mississippi State,Mississippi State,66,599,2023-01-02 22:00:00,1
629,USC,Tulane,Tulane,66,56,2023-01-02 23:00:00,1
630,Purdue,LSU,LSU,66,142,2023-01-02 23:00:00,1
631,Utah,Penn State,Penn State,66,635,2023-01-03 03:00:00,1
632,Utah,Florida,Utah,67,611,2023-09-01 04:00:00,1
633,Miami,Miami (OH),Miami,67,335,2023-09-02 03:00:00,1
634,Purdue,Fresno State,Fresno State,67,637,2023-09-02 20:00:00,1
635,Washington,Boise State,Washington,67,366,2023-09-02 23:30:00,1
636,Houston,UT San Antonio,Houston,67,404,2023-09-03 03:00:00,1
637,South Carolina,North Carolina,South Carolina,67,65,2023-09-03 03:30:00,1
638,Illinois,Toledo,Illinois,67,500,2023-09-03 03:30:00,1
639,Tulane,South Alabama,Tulane,67,78,2023-09-03 04:00:00,1
640,Florida State,LSU,Florida State,67,142,2023-09-04 03:30:00,1
641,Duke,Clemson,Duke,67,775,2023-09-05 04:00:00,1
642,NC State,Notre Dame,Notre Dame,68,154,2023-09-09 20:00:00,1
643,Virginia,James Madison,James Madison,68,660,2023-09-09 20:00:00,1
644,Tulane,Ole Miss,Ole Miss,68,78,2023-09-09 23:30:00,1
645,Miami,Texas A&M,Miami,68,335,2023-09-09 23:30:00,1
646,UT San Antonio,Texas State,UT San Antonio,68,11,2023-09-09 23:30:00,1
647,Alabama,Texas,Texas,68,123,2023-09-10 03:00:00,1
648,Texas Tech,Oregon,Oregon,68,407,2023-09-10 03:00:00,1
649,Boise State,UCF,UCF,68,14,2023-09-10 03:00:00,1
650,Mississippi State,Arizona,Mississippi State,68,210,2023-09-10 03:30:00,1
651,Arizona State,Oklahoma State,Oklahoma State,68,716,2023-09-10 06:30:00,1
652,Missouri,Kansas State,Missouri,69,264,2023-09-16 20:00:00,1
653,Georgia,South Carolina,Georgia,69,650,2023-09-16 23:30:00,1
654,North Carolina,Minnesota,North Carolina,69,416,2023-09-16 23:30:00,1
655,Michigan State,Washington,Washington,69,689,2023-09-17 01:00:00,1
656,Florida,Tennessee,Florida,69,77,2023-09-17 03:00:00,1
657,Troy,James Madison,James Madison,69,767,2023-09-17 03:00:00,1
658,Arkansas,BYU,BYU,69,222,2023-09-17 03:30:00,1
659,West Virginia,Pittsburgh,West Virginia,69,531,2023-09-17 03:30:00,1
660,Houston,TCU,TCU,69,404,2023-09-17 04:00:00,1
661,Arizona State,Fresno State,Fresno State,69,716,2023-09-17 06:30:00,1
662,Clemson,Florida State,Florida State,70,500,2023-09-23 20:00:00,1
663,Troy,Western Kentucky,Troy,70,767,2023-09-23 20:00:00,1
664,TCU,SMU,TCU,70,37,2023-09-23 20:00:00,1
665,Oregon,Colorado,Oregon,70,60,2023-09-23 23:30:00,1
666,Utah,UCLA,Utah,70,611,2023-09-23 23:30:00,1
667,Alabama,Ole Miss,Alabama,70,123,2023-09-23 23:30:00,1
668,Washington State,Oregon State,Washington State,70,480,2023-09-24 03:00:00,1
669,Wyoming,Appalachian State,Wyoming,70,779,2023-09-24 03:00:00,1
670,Notre Dame,Ohio State,Ohio State,70,546,2023-09-24 03:30:00,1
671,Penn State,Iowa,Penn State,70,73,2023-09-24 03:30:00,1
672,Oregon State,Utah,Oregon State,71,606,2023-09-30 05:00:00,1
673,James Madison,South Alabama,James Madison,71,114,2023-09-30 20:00:00,1
674,Auburn,Georgia,Georgia,71,409,2023-09-30 23:30:00,1
675,Texas,Kansas,Texas,71,206,2023-09-30 23:30:00,1
676,UCF,Baylor,Baylor,71,116,2023-09-30 23:30:00,1
677,Memphis,Boise State,Memphis,71,455,2023-10-01 00:00:00,1
678,Ole Miss,LSU,Ole Miss,71,765,2023-10-01 02:00:00,1
679,Rice,East Carolina,Rice,71,612,2023-10-01 03:00:00,1
680,Duke,Notre Dame,Notre Dame,71,775,2023-10-01 03:30:00,1
681,TCU,West Virginia,West Virginia,71,37,2023-10-01 04:00:00,1
682,Virginia,William & Mary,Virginia,72,660,2023-10-07 20:00:00,1
683,Texas,Oklahoma,Oklahoma,72,189,2023-10-07 20:00:00,1
684,Missouri,LSU,LSU,72,264,2023-10-07 20:00:00,1
685,Army,Boston College,Boston College,72,92,2023-10-07 20:00:00,1
686,NC State,Marshall,NC State,72,154,2023-10-07 22:00:00,1
687,UCLA,Washington State,UCLA,72,635,2023-10-07 23:00:00,1
688,Texas A&M,Alabama,Alabama,72,433,2023-10-07 23:30:00,1
689,Georgia,Kentucky,Georgia,72,650,2023-10-08 03:00:00,1
690,Louisville,Notre Dame,Louisville,72,567,2023-10-08 03:37:00,1
691,Wyoming,Fresno State,Wyoming,72,779,2023-10-08 04:00:00,1
692,Washington,Oregon,Washington,73,366,2023-10-14 23:30:00,1
693,Tennessee,Texas A&M,Tennessee,73,543,2023-10-14 23:30:00,1
694,Oklahoma State,Kansas,Oklahoma State,73,106,2023-10-14 23:30:00,1
695,Wisconsin,Iowa,Iowa,73,143,2023-10-15 00:00:00,1
696,Washington State,Arizona,Arizona,73,480,2023-10-15 03:00:00,1
697,Texas Tech,Kansas State,Kansas State,73,407,2023-10-15 03:00:00,1
698,Notre Dame,USC,Notre Dame,73,546,2023-10-15 03:30:00,1
699,North Carolina,Miami,North Carolina,73,416,2023-10-15 03:30:00,1
700,Oregon State,UCLA,Oregon State,73,606,2023-10-15 04:00:00,1
701,Idaho,Montana,Montana,73,423,2023-10-15 06:30:00,1
702,Marshall,James Madison,James Madison,74,394,2023-10-20 03:00:00,1
703,Ohio State,Penn State,Ohio State,74,553,2023-10-21 20:00:00,1
704,Tennessee,Alabama,Tennessee,74,123,2023-10-21 23:30:00,1
705,West Virginia,Oklahoma State,Oklahoma State,74,531,2023-10-21 23:30:00,1
706,Miami (OH),Toledo,Toledo,74,810,2023-10-22 00:00:00,1
707,Michigan State,Michigan,Michigan,74,689,2023-10-22 03:30:00,1
708,Florida State,Duke,Florida State,74,99,2023-10-22 03:30:00,1
709,LSU,Army,LSU,74,731,2023-10-22 03:30:00,1
710,USC,Utah,Utah,74,463,2023-10-22 04:00:00,1
711,Miami,Clemson,Miami,74,335,2023-10-22 04:00:00,1
712,Kansas,Oklahoma,Kansas,75,500,2023-10-28 20:00:00,1
713,Florida,Georgia,Georgia,75,257,2023-10-28 23:30:00,1
714,Texas,BYU,Texas,75,206,2023-10-28 23:30:00,1
715,Utah,Oregon,Oregon,75,611,2023-10-28 23:30:00,1
716,Louisville,Duke,Louisville,75,567,2023-10-28 23:30:00,1
717,Ohio,Miami (OH),Miami (OH),75,574,2023-10-28 23:30:00,1
718,Kentucky,Tennessee,Tennessee,75,182,2023-10-29 03:00:00,1
719,Wisconsin,Ohio State,Ohio State,75,143,2023-10-29 03:30:00,1
720,Arizona,Oregon State,Arizona,75,47,2023-10-29 06:30:00,1
721,Fresno State,UNLV,Fresno State,75,129,2023-10-29 06:30:00,1
722,Texas,Kansas State,Texas,76,206,2023-11-04 20:00:00,1
723,Clemson,Notre Dame,Clemson,76,500,2023-11-04 20:00:00,1
724,South Carolina,Jacksonville State,South Carolina,76,804,2023-11-04 20:00:00,1
725,Georgia,Missouri,Georgia,76,650,2023-11-04 23:30:00,1
726,Oklahoma State,Oklahoma,Oklahoma State,76,106,2023-11-04 23:30:00,1
727,Georgia State,James Madison,James Madison,76,307,2023-11-04 23:30:00,1
728,Iowa State,Kansas,Kansas,76,380,2023-11-05 03:00:00,1
729,USC,Washington,Washington,76,463,2023-11-05 03:30:00,1
730,Alabama,LSU,Alabama,76,123,2023-11-05 03:45:00,1
731,Arizona,UCLA,Arizona,76,47,2023-11-05 07:30:00,1
732,Penn State,Michigan,Michigan,77,73,2023-11-11 22:00:00,1
733,Florida State,Miami,Florida State,77,99,2023-11-12 01:30:00,1
734,Washington,Utah,Washington,77,366,2023-11-12 01:30:00,1
735,Missouri,Tennessee,Missouri,77,264,2023-11-12 01:30:00,1
736,UCF,Oklahoma State,UCF,77,116,2023-11-12 01:30:00,1
737,Iowa,Rutgers,Iowa,77,425,2023-11-12 01:30:00,1
738,Georgia,Ole Miss,Georgia,77,650,2023-11-12 05:00:00,1
739,Oklahoma,West Virginia,Oklahoma,77,300,2023-11-12 05:00:00,1
740,North Carolina,Duke,North Carolina,77,416,2023-11-12 06:00:00,1
741,Oregon,USC,Oregon,77,60,2023-11-12 08:30:00,1
742,Lehigh,Lafayette,Lafayette,78,317,2023-11-18 22:00:00,1
743,Yale,Harvard,Yale,78,812,2023-11-18 22:00:00,1
744,William & Mary,Richmond,Richmond,78,816,2023-11-18 23:00:00,1
745,Montana,Montana State,Montana,78,783,2023-11-19 00:00:00,1
746,Arizona,Utah,Arizona,78,47,2023-11-19 00:30:00,1
747,USC,UCLA,UCLA,78,463,2023-11-19 01:30:00,1
748,Arizona State,Oregon,Oregon,78,716,2023-11-19 02:00:00,1
749,Stanford,California,California,78,701,2023-11-19 04:30:00,1
750,Idaho,Idaho State,Idaho,78,423,2023-11-19 05:00:00,1
751,Oregon State,Washington,Washington,78,606,2023-11-19 05:30:00,1
752,Nebraska,Iowa,Iowa,79,500,2023-11-24 22:00:00,1
753,Tulane,UT San Antonio,Tulane,79,78,2023-11-25 01:30:00,1
754,Oregon,Oregon State,Oregon,79,60,2023-11-25 06:30:00,1
755,Michigan,Ohio State,Michigan,79,521,2023-11-25 22:00:00,1
756,Louisville,Kentucky,Kentucky,79,567,2023-11-25 22:00:00,1
757,Purdue,Indiana,Purdue,79,637,2023-11-25 22:00:00,1
758,Minnesota,Wisconsin,Wisconsin,79,722,2023-11-26 01:30:00,1
759,NC State,North Carolina,NC State,79,154,2023-11-26 06:00:00,1
760,Kansas State,Iowa State,Iowa State,79,85,2023-11-26 06:00:00,1
761,UCLA,California,California,79,635,2023-11-26 08:30:00,1
762,Liberty,New Mexico State,Liberty,80,805,2023-12-02 05:00:00,1
763,Washington,Oregon,Washington,80,19,2023-12-02 06:00:00,1
764,Texas,Oklahoma State,Texas,80,56,2023-12-02 22:00:00,1
765,Toledo,Miami (OH),Miami (OH),80,278,2023-12-02 22:00:00,1
766,UNLV,Boise State,Boise State,80,19,2023-12-03 01:00:00,1
767,Alabama,Georgia,Alabama,80,515,2023-12-03 02:00:00,1
768,Tulane,SMU,SMU,80,78,2023-12-03 02:00:00,1
769,Troy,Appalachian State,Troy,80,767,2023-12-03 02:00:00,1
770,Iowa,Michigan,Michigan,80,466,2023-12-03 06:00:00,1
771,Florida State,Louisville,Florida State,80,65,2023-12-03 06:00:00,1
772,Ohio,Georgia Southern,Ohio,82,118,2023-12-16 21:00:00,1
773,Louisiana,Jacksonville State,Jacksonville State,82,516,2023-12-17 00:15:00,1
774,Appalachian State,Miami (OH),Appalachian State,82,116,2023-12-17 01:30:00,1
775,Fresno State,New Mexico State,Fresno State,82,757,2023-12-17 03:45:00,1
776,Boise State,UCLA,UCLA,82,682,2023-12-17 05:30:00,1
777,Texas Tech,California,Texas Tech,82,370,2023-12-17 07:15:00,1
778,Old Dominion,Western Kentucky,Western Kentucky,82,388,2023-12-19 00:30:00,1
779,Marshall,UT San Antonio,UT San Antonio,82,743,2023-12-20 07:00:00,1
780,Syracuse,South Florida,South Florida,82,265,2023-12-22 06:00:00,1
781,UCF,Georgia Tech,Georgia Tech,82,599,2023-12-23 04:30:00,1
782,Duke,Troy,Duke,82,585,2023-12-23 22:00:00,1
783,Northern Illinois,Arkansas State,Northern Illinois,82,196,2023-12-23 22:00:00,1
784,Air Force,James Madison,Air Force,82,37,2023-12-24 01:30:00,1
785,Utah State,Georgia State,Georgia State,82,14,2023-12-24 01:30:00,1
786,Eastern Michigan,South Alabama,South Alabama,82,330,2023-12-24 05:00:00,1
787,Northwestern,Utah,Northwestern,82,19,2023-12-24 05:30:00,1
788,San José State,Coastal Carolina,Coastal Carolina,82,176,2023-12-24 08:30:00,1
789,Minnesota,Bowling Green,Minnesota,82,278,2023-12-27 00:00:00,1
790,Rice,Texas State,Texas State,82,308,2023-12-27 03:30:00,1
791,UNLV,Kansas,Kansas,82,167,2023-12-27 07:00:00,1
792,Tulane,Virginia Tech,Virginia Tech,82,540,2023-12-28 00:00:00,1
793,West Virginia,North Carolina,West Virginia,82,65,2023-12-28 03:30:00,1
794,USC,Louisville,USC,82,576,2023-12-28 06:00:00,1
795,Oklahoma State,Texas A&M,Oklahoma State,82,548,2023-12-28 07:00:00,1
796,Boston College,SMU,Boston College,82,267,2023-12-28 21:00:00,1
797,Miami,Rutgers,Rutgers,82,813,2023-12-29 00:15:00,1
798,Kansas State,NC State,Kansas State,82,142,2023-12-29 03:45:00,1
799,Oklahoma,Arizona,Arizona,82,11,2023-12-29 07:15:00,1
800,Kentucky,Clemson,Clemson,82,257,2023-12-29 22:00:00,1
801,Notre Dame,Oregon State,Notre Dame,82,715,2023-12-30 00:00:00,1
802,Iowa State,Memphis,Memphis,82,455,2023-12-30 01:30:00,1
803,Ohio State,Missouri,Missouri,82,56,2023-12-30 06:00:00,1
804,Penn State,Ole Miss,Ole Miss,82,515,2023-12-30 22:00:00,1
805,Maryland,Auburn,Maryland,82,545,2023-12-31 00:00:00,1
806,Florida State,Georgia,Georgia,82,335,2023-12-31 02:00:00,1
807,Wyoming,Toledo,Wyoming,82,47,2023-12-31 02:30:00,1
808,LSU,Wisconsin,LSU,82,599,2024-01-01 22:00:00,1
809,Oregon,Liberty,Oregon,82,756,2024-01-01 23:00:00,1
810,Tennessee,Iowa,Tennessee,82,142,2024-01-01 23:00:00,1
811,Michigan,Alabama,Michigan,82,635,2024-01-02 03:00:00,1
812,Washington,Texas,Washington,82,516,2024-01-02 06:45:00,1
813,UCF,SMU,UCF,55,116,2022-10-06 03:00:00,1
