1,Abilene Christian,Wildcats,ACU,NULL,ACU,Abil Christian,NULL,UAC,fcs,#4e2683,#ebebeb,http://a.espncdn.com/i/teamlogos/ncaa/500/2000.png,http://a.espncdn.com/i/teamlogos/ncaa/500-dark/2000.png,@ACUFootball,NULL,2024-04-23 01:47:54,2024-04-23 01:47:54
2,Air Force,Falcons,AFA,NULL,AFA,Air Force,AF,Mountain West,fbs,#004a7b,#ffffff,http://a.espncdn.com/i/teamlogos/ncaa/500/2005.png,http://a.espncdn.com/i/teamlogos/ncaa/500-dark/2005.png,@AF_Football,NULL,2024-04-23 01:47:54,2024-04-23 01:47:54
3,Akron,Zips,AKR,NULL,AKR,Akron,NULL,Mid-American,fbs,#00285e,#84754e,http://a.espncdn.com/i/teamlogos/ncaa/500/2006.png,http://a.espncdn.com/i/teamlogos/ncaa/500-dark/2006.png,@ZipsFB,NULL,2024-04-23 01:47:54,2024-04-23 01:47:54
4,Alabama,Crimson Tide,ALA,NULL,ALA,Alabama,BAMA,SEC,fbs,#690014,#f1f2f3,http://a.espncdn.com/i/teamlogos/ncaa/500/333.png,http://a.espncdn.com/i/teamlogos/ncaa/500-dark/333.png,@AlabamaFTBL,NULL,2024-04-23 01:47:54,2024-04-23 01:47:54
5,Alabama A&M,Bulldogs,AAMU,NULL,AAMU,Alabama A&M,NULL,SWAC,fcs,#790000,#ffffff,http://a.espncdn.com/i/teamlogos/ncaa/500/2010.png,http://a.espncdn.com/i/teamlogos/ncaa/500-dark/2010.png,@AAMUFB,NULL,2024-04-23 01:47:54,2024-04-23 01:47:54
6,Alabama State,Hornets,ALST,NULL,ALST,Alabama State,NULL,SWAC,fcs,#e9a900,#0a0a0a,http://a.espncdn.com/i/teamlogos/ncaa/500/2011.png,http://a.espncdn.com/i/teamlogos/ncaa/500-dark/2011.png,@BamaStateFB,NULL,2024-04-23 01:47:54,2024-04-23 01:47:54
7,Appalachian State,Mountaineers,APP,NULL,APP,Appalachian St,NULL,Sun Belt,fbs,#000000,#ffcd00,http://a.espncdn.com/i/teamlogos/ncaa/500/2026.png,http://a.espncdn.com/i/teamlogos/ncaa/500-dark/2026.png,@AppState_FB,NULL,2024-04-23 01:47:54,2024-04-23 01:47:54
8,Albany,Great Danes,ALBY,SUNY Albany,ALBY,Albany,NULL,CAA,fcs,#3D2777,#ffffff,http://a.espncdn.com/i/teamlogos/ncaa/500/399.png,http://a.espncdn.com/i/teamlogos/ncaa/500-dark/399.png,@UAlbanyFootball,NULL,2024-04-23 01:47:54,2024-04-23 01:47:54
9,Alcorn State,Braves,ALCN,NULL,ALCN,Alcorn State,NULL,SWAC,fcs,#4b0058,#46166a,http://a.espncdn.com/i/teamlogos/ncaa/500/2016.png,http://a.espncdn.com/i/teamlogos/ncaa/500-dark/2016.png,@BravesSports,NULL,2024-04-23 01:47:54,2024-04-23 01:47:54
10,Arizona,Wildcats,ARIZ,NULL,ARIZ,Arizona,ZONA,Pac-12,fbs,#002449,#00205b,http://a.espncdn.com/i/teamlogos/ncaa/500/12.png,http://a.espncdn.com/i/teamlogos/ncaa/500-dark/12.png,@ArizonaFBall,NULL,2024-04-23 01:47:54,2024-04-23 01:47:54
11,Arizona State,Sun Devils,ASU,NULL,ASU,Arizona State,NULL,Pac-12,fbs,#942139,#f1f2f3,http://a.espncdn.com/i/teamlogos/ncaa/500/9.png,http://a.espncdn.com/i/teamlogos/ncaa/500-dark/9.png,@ASUFootball,NULL,2024-04-23 01:47:54,2024-04-23 01:47:54
12,Arkansas,Razorbacks,ARK,NULL,ARK,Arkansas,ARKY,SEC,fbs,#9c1831,#000000,http://a.espncdn.com/i/teamlogos/ncaa/500/8.png,http://a.espncdn.com/i/teamlogos/ncaa/500-dark/8.png,@RazorbackFB,NULL,2024-04-23 01:47:54,2024-04-23 01:47:54
13,Arkansas-Pine Bluff,Golden Lions,UAPB,Arkansas Pine Bluff,UAPB,AR-Pine Bluff,NULL,SWAC,fcs,#e0aa0f,#eaaa00,http://a.espncdn.com/i/teamlogos/ncaa/500/2029.png,http://a.espncdn.com/i/teamlogos/ncaa/500-dark/2029.png,@UAPBLionsRoar,NULL,2024-04-23 01:47:54,2024-04-23 01:47:54
14,Arkansas State,Red Wolves,ARST,NULL,ARST,Arkansas State,NULL,Sun Belt,fbs,#e81018,#000000,http://a.espncdn.com/i/teamlogos/ncaa/500/2032.png,http://a.espncdn.com/i/teamlogos/ncaa/500-dark/2032.png,@AStateFB,NULL,2024-04-23 01:47:54,2024-04-23 01:47:54
15,Army,Black Knights,ARMY,NULL,ARMY,Army,NULL,FBS Independents,fbs,#ce9c00,#231f20,http://a.espncdn.com/i/teamlogos/ncaa/500/349.png,http://a.espncdn.com/i/teamlogos/ncaa/500-dark/349.png,@ArmyWP_Football,NULL,2024-04-23 01:47:54,2024-04-23 01:47:54
16,Auburn,Tigers,AUB,NULL,AUB,Auburn,NULL,SEC,fbs,#03244d,#f1f2f3,http://a.espncdn.com/i/teamlogos/ncaa/500/2.png,http://a.espncdn.com/i/teamlogos/ncaa/500-dark/2.png,@AuburnFootball,NULL,2024-04-23 01:47:54,2024-04-23 01:47:54
17,Austin Peay,Governors,PEAY,NULL,PEAY,Austin Peay,NULL,UAC,fcs,#8e0b0b,NULL,http://a.espncdn.com/i/teamlogos/ncaa/500/2046.png,http://a.espncdn.com/i/teamlogos/ncaa/500-dark/2046.png,@AustinePeayFB,NULL,2024-04-23 01:47:54,2024-04-23 01:47:54
18,Ball State,Cardinals,BALL,NULL,BALL,Ball State,NULL,Mid-American,fbs,#DA0000,#ffffff,http://a.espncdn.com/i/teamlogos/ncaa/500/2050.png,http://a.espncdn.com/i/teamlogos/ncaa/500-dark/2050.png,@BallStateFB,NULL,2024-04-23 01:47:54,2024-04-23 01:47:54
19,Baylor,Bears,BAY,NULL,BAY,Baylor,NULL,Big 12,fbs,#004834,#ffb81c,http://a.espncdn.com/i/teamlogos/ncaa/500/239.png,http://a.espncdn.com/i/teamlogos/ncaa/500-dark/239.png,@BUFootball,NULL,2024-04-23 01:47:54,2024-04-23 01:47:54
20,Bethune-Cookman,Wildcats,BCU,NULL,BCU,Bethune-Cookman,NULL,SWAC,fcs,#7b1831,#e9aa12,http://a.espncdn.com/i/teamlogos/ncaa/500/2065.png,http://a.espncdn.com/i/teamlogos/ncaa/500-dark/2065.png,@BCUGridiron,NULL,2024-04-23 01:47:54,2024-04-23 01:47:54
21,Boise State,Broncos,BSU,NULL,BSU,Boise State,BOISE,Mountain West,fbs,#09347A,#d8d9da,http://a.espncdn.com/i/teamlogos/ncaa/500/68.png,http://a.espncdn.com/i/teamlogos/ncaa/500-dark/68.png,@BroncoSportsFB,NULL,2024-04-23 01:47:54,2024-04-23 01:47:54
22,Boston College,Eagles,BC,NULL,BC,Boston College,NULL,ACC,fbs,#88001a,#a39161,http://a.espncdn.com/i/teamlogos/ncaa/500/103.png,http://a.espncdn.com/i/teamlogos/ncaa/500-dark/103.png,@BCFootball,NULL,2024-04-23 01:47:54,2024-04-23 01:47:54
23,Bowling Green,Falcons,BGSU,Bowling Green State,BGSU,Bowling Green,NULL,Mid-American,fbs,#FE5000,#4F2C1D,http://a.espncdn.com/i/teamlogos/ncaa/500/189.png,http://a.espncdn.com/i/teamlogos/ncaa/500-dark/189.png,@BG_Football,NULL,2024-04-23 01:47:54,2024-04-23 01:47:54
24,Brown,Bears,BRWN,NULL,BRWN,Brown,NULL,Ivy,fcs,#411e09,#949300,http://a.espncdn.com/i/teamlogos/ncaa/500/225.png,http://a.espncdn.com/i/teamlogos/ncaa/500-dark/225.png,@BrownU_Football,NULL,2024-04-23 01:47:54,2024-04-23 01:47:54
25,Bryant,Bulldogs,BRY,NULL,BRY,Bryant,NULL,Big South-OVC,fcs,#000000,#9f8343,http://a.espncdn.com/i/teamlogos/ncaa/500/2803.png,http://a.espncdn.com/i/teamlogos/ncaa/500-dark/2803.png,@BryantUFootball,NULL,2024-04-23 01:47:54,2024-04-23 01:47:54
26,Bucknell,Bison,BUCK,NULL,BUCK,Bucknell,NULL,Patriot,fcs,#000060,#00316e,http://a.espncdn.com/i/teamlogos/ncaa/500/2083.png,http://a.espncdn.com/i/teamlogos/ncaa/500-dark/2083.png,@Bucknell_FB,NULL,2024-04-23 01:47:54,2024-04-23 01:47:54
27,Buffalo,Bulls,BUFF,NULL,BUFF,Buffalo,NULL,Mid-American,fbs,#041A9B,#ebebeb,http://a.espncdn.com/i/teamlogos/ncaa/500/2084.png,http://a.espncdn.com/i/teamlogos/ncaa/500-dark/2084.png,@UBFootball,NULL,2024-04-23 01:47:54,2024-04-23 01:47:54
28,Butler,Bulldogs,BUT,NULL,BUT,Butler,NULL,Pioneer,fcs,#0d1361,#00a3e0,http://a.espncdn.com/i/teamlogos/ncaa/500/2086.png,http://a.espncdn.com/i/teamlogos/ncaa/500-dark/2086.png,@ButlerUFootball,NULL,2024-04-23 01:47:54,2024-04-23 01:47:54
29,BYU,Cougars,BYU,Brigham Young,BYU,BYU,NULL,Big 12,fbs,#001E4C,#ffffff,http://a.espncdn.com/i/teamlogos/ncaa/500/252.png,http://a.espncdn.com/i/teamlogos/ncaa/500-dark/252.png,@BYUFootball,NULL,2024-04-23 01:47:54,2024-04-23 01:47:54
30,California,Golden Bears,CAL,NULL,CAL,Cal,NULL,Pac-12,fbs,#031522,#ffc423,http://a.espncdn.com/i/teamlogos/ncaa/500/25.png,http://a.espncdn.com/i/teamlogos/ncaa/500-dark/25.png,@CalFootball,NULL,2024-04-23 01:47:54,2024-04-23 01:47:54
31,Cal Poly,Mustangs,CP,NULL,CP,Cal Poly,NULL,Big Sky,fcs,#1E4D2B,#eed897,http://a.espncdn.com/i/teamlogos/ncaa/500/13.png,http://a.espncdn.com/i/teamlogos/ncaa/500-dark/13.png,@CalPolyFootball,NULL,2024-04-23 01:47:54,2024-04-23 01:47:54
32,Campbell,Camels,CAMP,NULL,CAMP,Campbell,NULL,CAA,fcs,#000000,NULL,http://a.espncdn.com/i/teamlogos/ncaa/500/2097.png,http://a.espncdn.com/i/teamlogos/ncaa/500-dark/2097.png,@GoCamelsFB,NULL,2024-04-23 01:47:54,2024-04-23 01:47:54
33,Central Arkansas,Bears,UCA,NULL,UCA,Cent Arkansas,NULL,UAC,fcs,#a7a9ac,#8e959a,http://a.espncdn.com/i/teamlogos/ncaa/500/2110.png,http://a.espncdn.com/i/teamlogos/ncaa/500-dark/2110.png,@UCA_Football,NULL,2024-04-23 01:47:54,2024-04-23 01:47:54
34,Central Connecticut,Blue Devils,CCSU,Central Connecticut State,CCSU,Cent Conn St,NULL,NEC,fcs,#1B49A2,#d1d5d8,http://a.espncdn.com/i/teamlogos/ncaa/500/2115.png,http://a.espncdn.com/i/teamlogos/ncaa/500-dark/2115.png,@CCSUfootball,NULL,2024-04-23 01:47:54,2024-04-23 01:47:54
35,Central Michigan,Chippewas,CMU,NULL,CMU,Cent Michigan,NULL,Mid-American,fbs,#6a0032,#ffffff,http://a.espncdn.com/i/teamlogos/ncaa/500/2117.png,http://a.espncdn.com/i/teamlogos/ncaa/500-dark/2117.png,@CMU_Football,NULL,2024-04-23 01:47:54,2024-04-23 01:47:54
36,Charleston Southern,Buccaneers,CHSO,NULL,CHSO,Charleston So,NULL,Big South-OVC,fcs,#2e3192,#ded090,http://a.espncdn.com/i/teamlogos/ncaa/500/2127.png,http://a.espncdn.com/i/teamlogos/ncaa/500-dark/2127.png,@CSUFB,NULL,2024-04-23 01:47:54,2024-04-23 01:47:54
37,Charlotte,49ers,CHAR,NULL,CHAR,Charlotte,CHA,American Athletic,fbs,#ffffff,#cfab7a,http://a.espncdn.com/i/teamlogos/ncaa/500/2429.png,http://a.espncdn.com/i/teamlogos/ncaa/500-dark/2429.png,@CharlotteFTBL,NULL,2024-04-23 01:47:54,2024-04-23 01:47:54
38,Chattanooga,Mocs,CHAT,NULL,CHAT,Chattanooga,NULL,Southern,fcs,#00386b,#dca71d,http://a.espncdn.com/i/teamlogos/ncaa/500/236.png,http://a.espncdn.com/i/teamlogos/ncaa/500-dark/236.png,@GoMocsFB,NULL,2024-04-23 01:47:54,2024-04-23 01:47:54
39,Cincinnati,Bearcats,CIN,UC,CIN,Cincinnati,CINCY,Big 12,fbs,#000000,#717073,http://a.espncdn.com/i/teamlogos/ncaa/500/2132.png,http://a.espncdn.com/i/teamlogos/ncaa/500-dark/2132.png,@GoBearcatsFB,NULL,2024-04-23 01:47:54,2024-04-23 01:47:54
40,Clemson,Tigers,CLEM,NULL,CLEM,Clemson,NULL,ACC,fbs,#F66733,#522d80,http://a.espncdn.com/i/teamlogos/ncaa/500/228.png,http://a.espncdn.com/i/teamlogos/ncaa/500-dark/228.png,@ClemsonFB,NULL,2024-04-23 01:47:54,2024-04-23 01:47:54
41,Coastal Carolina,Chanticleers,CCU,NULL,CCU,C. Carolina,NULL,Sun Belt,fbs,#007073,#876447,http://a.espncdn.com/i/teamlogos/ncaa/500/324.png,http://a.espncdn.com/i/teamlogos/ncaa/500-dark/324.png,@CoastalFootball,NULL,2024-04-23 01:47:54,2024-04-23 01:47:54
42,Colgate,Raiders,COLG,NULL,COLG,Colgate,NULL,Patriot,fcs,#8B011D,#231f20,http://a.espncdn.com/i/teamlogos/ncaa/500/2142.png,http://a.espncdn.com/i/teamlogos/ncaa/500-dark/2142.png,@ColgateFB,NULL,2024-04-23 01:47:54,2024-04-23 01:47:54
43,Colorado,Buffaloes,COLO,NULL,COLO,Colorado,CU,Pac-12,fbs,#d1c57e,#ffd200,http://a.espncdn.com/i/teamlogos/ncaa/500/38.png,http://a.espncdn.com/i/teamlogos/ncaa/500-dark/38.png,@CUBuffsFootball,NULL,2024-04-23 01:47:54,2024-04-23 01:47:54
44,Colorado State,Rams,CSU,NULL,CSU,Colorado State,NULL,Mountain West,fbs,#004537,#ffc425,http://a.espncdn.com/i/teamlogos/ncaa/500/36.png,http://a.espncdn.com/i/teamlogos/ncaa/500-dark/36.png,@CSUFootball,NULL,2024-04-23 01:47:54,2024-04-23 01:47:54
45,Columbia,Lions,CLMB,NULL,CLMB,Columbia,NULL,Ivy,fcs,#174785,#004b85,http://a.espncdn.com/i/teamlogos/ncaa/500/171.png,http://a.espncdn.com/i/teamlogos/ncaa/500-dark/171.png,@ColumbiaLionsFB,NULL,2024-04-23 01:47:54,2024-04-23 01:47:54
46,Connecticut,Huskies,CONN,NULL,CONN,UConn,NULL,FBS Independents,fbs,#001d40,#f1f2f3,http://a.espncdn.com/i/teamlogos/ncaa/500/41.png,http://a.espncdn.com/i/teamlogos/ncaa/500-dark/41.png,@UConnFootball,NULL,2024-04-23 01:47:54,2024-04-23 01:47:54
47,Cornell,Big Red,COR,NULL,COR,Cornell,NULL,Ivy,fcs,#d60027,#101010,http://a.espncdn.com/i/teamlogos/ncaa/500/172.png,http://a.espncdn.com/i/teamlogos/ncaa/500-dark/172.png,@BigRed_Football,NULL,2024-04-23 01:47:54,2024-04-23 01:47:54
48,Dartmouth,Big Green,DART,NULL,DART,Dartmouth,NULL,Ivy,fcs,#005730,#000000,http://a.espncdn.com/i/teamlogos/ncaa/500/159.png,http://a.espncdn.com/i/teamlogos/ncaa/500-dark/159.png,@DartFootball,NULL,2024-04-23 01:47:54,2024-04-23 01:47:54
49,Davidson,Wildcats,DAV,NULL,DAV,Davidson,NULL,Pioneer,fcs,#000000,#e51837,http://a.espncdn.com/i/teamlogos/ncaa/500/2166.png,http://a.espncdn.com/i/teamlogos/ncaa/500-dark/2166.png,@DavidsonFB,NULL,2024-04-23 01:47:54,2024-04-23 01:47:54
50,Dayton,Flyers,DAY,NULL,DAY,Dayton,NULL,Pioneer,fcs,#004B8D,#ffffff,http://a.espncdn.com/i/teamlogos/ncaa/500/2168.png,http://a.espncdn.com/i/teamlogos/ncaa/500-dark/2168.png,@DaytonFootball,NULL,2024-04-23 01:47:54,2024-04-23 01:47:54
51,Delaware,Blue Hens,DEL,NULL,DEL,Delaware,NULL,CAA,fcs,#033594,#e8ce31,http://a.espncdn.com/i/teamlogos/ncaa/500/48.png,http://a.espncdn.com/i/teamlogos/ncaa/500-dark/48.png,@DelawareFB,NULL,2024-04-23 01:47:54,2024-04-23 01:47:54
52,Delaware State,Hornets,DSU,NULL,DSU,Delaware State,NULL,MEAC,fcs,#FF3630,#009cdd,http://a.espncdn.com/i/teamlogos/ncaa/500/2169.png,http://a.espncdn.com/i/teamlogos/ncaa/500-dark/2169.png,@DelSt_Football,NULL,2024-04-23 01:47:54,2024-04-23 01:47:54
53,Drake,Bulldogs,DRKE,NULL,DRKE,Drake,NULL,Pioneer,fcs,#004477,#c0c0c0,http://a.espncdn.com/i/teamlogos/ncaa/500/2181.png,http://a.espncdn.com/i/teamlogos/ncaa/500-dark/2181.png,@DrakeBulldogsFB,NULL,2024-04-23 01:47:54,2024-04-23 01:47:54
54,Duke,Blue Devils,DUKE,NULL,DUKE,Duke,NULL,ACC,fbs,#001A57,#f1f2f3,http://a.espncdn.com/i/teamlogos/ncaa/500/150.png,http://a.espncdn.com/i/teamlogos/ncaa/500-dark/150.png,@DukeFootball,NULL,2024-04-23 01:47:54,2024-04-23 01:47:54
55,Duquesne,Dukes,DUQ,NULL,DUQ,Duquesne,NULL,NEC,fcs,#002D62,#b90b2e,http://a.espncdn.com/i/teamlogos/ncaa/500/2184.png,http://a.espncdn.com/i/teamlogos/ncaa/500-dark/2184.png,@DuqFB,NULL,2024-04-23 01:47:54,2024-04-23 01:47:54
56,East Carolina,Pirates,ECU,NULL,ECU,ECU,NULL,American Athletic,fbs,#4b1869,#f0907b,http://a.espncdn.com/i/teamlogos/ncaa/500/151.png,http://a.espncdn.com/i/teamlogos/ncaa/500-dark/151.png,@ECUPiratesFB,NULL,2024-04-23 01:47:54,2024-04-23 01:47:54
57,Eastern Illinois,Panthers,EIU,NULL,EIU,E Illinois,NULL,Big South-OVC,fcs,#000000,#bebab9,http://a.espncdn.com/i/teamlogos/ncaa/500/2197.png,http://a.espncdn.com/i/teamlogos/ncaa/500-dark/2197.png,@EIUPantherFB,NULL,2024-04-23 01:47:54,2024-04-23 01:47:54
58,Eastern Kentucky,Colonels,EKY,NULL,EKY,E Kentucky,NULL,UAC,fcs,#660819,#f0f0f0,http://a.espncdn.com/i/teamlogos/ncaa/500/2198.png,http://a.espncdn.com/i/teamlogos/ncaa/500-dark/2198.png,@EKUFootball,NULL,2024-04-23 01:47:54,2024-04-23 01:47:54
59,Eastern Michigan,Eagles,EMU,NULL,EMU,E Michigan,NULL,Mid-American,fbs,#00331b,#f0f0f0,http://a.espncdn.com/i/teamlogos/ncaa/500/2199.png,http://a.espncdn.com/i/teamlogos/ncaa/500-dark/2199.png,@EMUFB,NULL,2024-04-23 01:47:54,2024-04-23 01:47:54
60,Eastern Washington,Eagles,EWU,NULL,EWU,E Washington,NULL,Big Sky,fcs,#a10022,#abb4bc,http://a.espncdn.com/i/teamlogos/ncaa/500/331.png,http://a.espncdn.com/i/teamlogos/ncaa/500-dark/331.png,@EWUFootball,NULL,2024-04-23 01:47:54,2024-04-23 01:47:54
61,East Tennessee State,Buccaneers,ETSU,NULL,ETSU,ETSU,NULL,Southern,fcs,#002d61,#ffc423,http://a.espncdn.com/i/teamlogos/ncaa/500/2193.png,http://a.espncdn.com/i/teamlogos/ncaa/500-dark/2193.png,@ETSUFootball,NULL,2024-04-23 01:47:54,2024-04-23 01:47:54
62,Elon,Phoenix,ELON,NULL,ELON,Elon,NULL,CAA,fcs,#020303,#b59a57,http://a.espncdn.com/i/teamlogos/ncaa/500/2210.png,http://a.espncdn.com/i/teamlogos/ncaa/500-dark/2210.png,@ElonFootball,NULL,2024-04-23 01:47:54,2024-04-23 01:47:54
63,Florida,Gators,FLA,NULL,FLA,Florida,UF,SEC,fbs,#0021A5,#0021a5,http://a.espncdn.com/i/teamlogos/ncaa/500/57.png,http://a.espncdn.com/i/teamlogos/ncaa/500-dark/57.png,@GatorsFB,NULL,2024-04-23 01:47:54,2024-04-23 01:47:54
64,Florida A&M,Rattlers,FAMU,NULL,FAMU,Florida A&M,NULL,SWAC,fcs,#F89728,#00843d,http://a.espncdn.com/i/teamlogos/ncaa/500/50.png,http://a.espncdn.com/i/teamlogos/ncaa/500-dark/50.png,@FAMUAthletics,NULL,2024-04-23 01:47:54,2024-04-23 01:47:54
65,Florida Atlantic,Owls,FAU,NULL,FAU,FAU,NULL,American Athletic,fbs,#004B85,#bb2f4c,http://a.espncdn.com/i/teamlogos/ncaa/500/2226.png,http://a.espncdn.com/i/teamlogos/ncaa/500-dark/2226.png,@FAUFootball,NULL,2024-04-23 01:47:54,2024-04-23 01:47:54
66,Florida International,Golden Panthers,FIU,Florida Intl,FIU,FIU,NULL,Conference USA,fbs,#001538,#c5960c,http://a.espncdn.com/i/teamlogos/ncaa/500/2229.png,http://a.espncdn.com/i/teamlogos/ncaa/500-dark/2229.png,@FIUFootball,NULL,2024-04-23 01:47:54,2024-04-23 01:47:54
67,Florida State,Seminoles,FSU,NULL,FSU,FSU,NULL,ACC,fbs,#782F40,#ceb888,http://a.espncdn.com/i/teamlogos/ncaa/500/52.png,http://a.espncdn.com/i/teamlogos/ncaa/500-dark/52.png,@FSUFootball,NULL,2024-04-23 01:47:54,2024-04-23 01:47:54
68,Fordham,Rams,FOR,NULL,FOR,Fordham,NULL,Patriot,fcs,#830032,#909090,http://a.espncdn.com/i/teamlogos/ncaa/500/2230.png,http://a.espncdn.com/i/teamlogos/ncaa/500-dark/2230.png,@FordhamFootball,NULL,2024-04-23 01:47:54,2024-04-23 01:47:54
69,Fresno State,Bulldogs,FRES,NULL,FRES,Fresno State,FRST,Mountain West,fbs,#c41230,#231f20,http://a.espncdn.com/i/teamlogos/ncaa/500/278.png,http://a.espncdn.com/i/teamlogos/ncaa/500-dark/278.png,@FresnoStateFB,NULL,2024-04-23 01:47:54,2024-04-23 01:47:54
70,Furman,Paladins,FUR,NULL,FUR,Furman,NULL,Southern,fcs,#4A2184,#909090,http://a.espncdn.com/i/teamlogos/ncaa/500/231.png,http://a.espncdn.com/i/teamlogos/ncaa/500-dark/231.png,@PaladinFootball,NULL,2024-04-23 01:47:54,2024-04-23 01:47:54
71,Gardner-Webb,Bulldogs,WEBB,Gardner Webb,WEBB,Gardner-Webb,NULL,Big South-OVC,fcs,#c12535,#909090,http://a.espncdn.com/i/teamlogos/ncaa/500/2241.png,http://a.espncdn.com/i/teamlogos/ncaa/500-dark/2241.png,@GWUFootball,NULL,2024-04-23 01:47:54,2024-04-23 01:47:54
72,Georgetown,Hoyas,GTWN,NULL,GTWN,Georgetown,NULL,Patriot,fcs,#110E42,#001c58,http://a.espncdn.com/i/teamlogos/ncaa/500/46.png,http://a.espncdn.com/i/teamlogos/ncaa/500-dark/46.png,@HoyasFB,NULL,2024-04-23 01:47:54,2024-04-23 01:47:54
73,Georgia,Bulldogs,UGA,NULL,UGA,Georgia,NULL,SEC,fbs,#CC0000,#000000,http://a.espncdn.com/i/teamlogos/ncaa/500/61.png,http://a.espncdn.com/i/teamlogos/ncaa/500-dark/61.png,@GeorgiaFootball,NULL,2024-04-23 01:47:54,2024-04-23 01:47:54
74,Georgia Southern,Eagles,GASO,NULL,GASO,Ga Southern,NULL,Sun Belt,fbs,#003775,#f0f0f0,http://a.espncdn.com/i/teamlogos/ncaa/500/290.png,http://a.espncdn.com/i/teamlogos/ncaa/500-dark/290.png,@GSAthletics_FB,NULL,2024-04-23 01:47:54,2024-04-23 01:47:54
75,Georgia State,Panthers,GAST,NULL,GAST,Georgia State,NULL,Sun Belt,fbs,#1e539a,#ebebeb,http://a.espncdn.com/i/teamlogos/ncaa/500/2247.png,http://a.espncdn.com/i/teamlogos/ncaa/500-dark/2247.png,@GeorgiaStateFB,NULL,2024-04-23 01:47:54,2024-04-23 01:47:54
76,Georgia Tech,Yellow Jackets,GT,NULL,GT,Georgia Tech,NULL,ACC,fbs,#00223e,#002c56,http://a.espncdn.com/i/teamlogos/ncaa/500/59.png,http://a.espncdn.com/i/teamlogos/ncaa/500-dark/59.png,@GeorgiaTechFB,NULL,2024-04-23 01:47:54,2024-04-23 01:47:54
77,Grambling,Tigers,GRAM,Grambling State,GRAM,Grambling,NULL,SWAC,fcs,#ee8601,#ffd10a,http://a.espncdn.com/i/teamlogos/ncaa/500/2755.png,http://a.espncdn.com/i/teamlogos/ncaa/500-dark/2755.png,@GSU_Tigers,NULL,2024-04-23 01:47:54,2024-04-23 01:47:54
78,Hampton,Pirates,HAMP,NULL,HAMP,Hampton,NULL,CAA,fcs,#0067AC,NULL,http://a.espncdn.com/i/teamlogos/ncaa/500/2261.png,http://a.espncdn.com/i/teamlogos/ncaa/500-dark/2261.png,@Hampton_FB,NULL,2024-04-23 01:47:54,2024-04-23 01:47:54
79,Harvard,Crimson,HARV,HRVD,HARV,Harvard,NULL,Ivy,fcs,#990000,#dbdbdb,http://a.espncdn.com/i/teamlogos/ncaa/500/108.png,http://a.espncdn.com/i/teamlogos/ncaa/500-dark/108.png,@HarvardFootball,NULL,2024-04-23 01:47:54,2024-04-23 01:47:54
80,Hawai'i,Rainbow Warriors,HAW,NULL,HAW,Hawai'i,NULL,Mountain West,fbs,#003420,#ffffff,http://a.espncdn.com/i/teamlogos/ncaa/500/62.png,http://a.espncdn.com/i/teamlogos/ncaa/500-dark/62.png,@HawaiiFootball,NULL,2024-04-23 01:47:54,2024-04-23 01:47:54
81,Holy Cross,Crusaders,HC,NULL,HC,Holy Cross,NULL,Patriot,fcs,#0a0a0a,#080808,http://a.espncdn.com/i/teamlogos/ncaa/500/107.png,http://a.espncdn.com/i/teamlogos/ncaa/500-dark/107.png,@HCrossFB,NULL,2024-04-23 01:47:54,2024-04-23 01:47:54
82,Houston,Cougars,HOU,NULL,HOU,Houston,UH,Big 12,fbs,#C90822,#231f20,http://a.espncdn.com/i/teamlogos/ncaa/500/248.png,http://a.espncdn.com/i/teamlogos/ncaa/500-dark/248.png,@UHCougarFB,NULL,2024-04-23 01:47:54,2024-04-23 01:47:54
83,Houston Christian,Huskies,HCU,Houston Baptist,HCU,Houston Christian,NULL,Southland,fcs,#00539c,NULL,http://a.espncdn.com/i/teamlogos/ncaa/500/2277.png,http://a.espncdn.com/i/teamlogos/ncaa/500-dark/2277.png,@HCUFootball,NULL,2024-04-23 01:47:54,2024-04-23 01:47:54
84,Howard,Bison,HOW,NULL,HOW,Howard,NULL,MEAC,fcs,#9e0b0e,#6b818d,http://a.espncdn.com/i/teamlogos/ncaa/500/47.png,http://a.espncdn.com/i/teamlogos/ncaa/500-dark/47.png,@HUBisonFootball,NULL,2024-04-23 01:47:54,2024-04-23 01:47:54
85,Idaho,Vandals,IDHO,NULL,IDHO,Idaho,NULL,Big Sky,fcs,#000000,#8c6e4a,http://a.espncdn.com/i/teamlogos/ncaa/500/70.png,http://a.espncdn.com/i/teamlogos/ncaa/500-dark/70.png,@VandalFootball,NULL,2024-04-23 01:47:54,2024-04-23 01:47:54
86,Idaho State,Bengals,IDST,NULL,IDST,Idaho State,NULL,Big Sky,fcs,#ef8c00,#e9a126,http://a.espncdn.com/i/teamlogos/ncaa/500/304.png,http://a.espncdn.com/i/teamlogos/ncaa/500-dark/304.png,@IdahoStateFB,NULL,2024-04-23 01:47:54,2024-04-23 01:47:54
87,Illinois,Fighting Illini,ILL,NULL,ILL,Illinois,NULL,Big Ten,fbs,#13294B,#E84A27,http://a.espncdn.com/i/teamlogos/ncaa/500/356.png,http://a.espncdn.com/i/teamlogos/ncaa/500-dark/356.png,@IlliniFootball,NULL,2024-04-23 01:47:54,2024-04-23 01:47:54
88,Illinois State,Redbirds,ILST,NULL,ILST,Illinois State,NULL,MVFC,fcs,#CE1126,#ffe716,http://a.espncdn.com/i/teamlogos/ncaa/500/2287.png,http://a.espncdn.com/i/teamlogos/ncaa/500-dark/2287.png,@RedbirdFB,NULL,2024-04-23 01:47:54,2024-04-23 01:47:54
89,Incarnate Word,Cardinals,IW,NULL,IW,Incarnate Word,NULL,Southland,fcs,#000000,#080808,http://a.espncdn.com/i/teamlogos/ncaa/500/2916.png,http://a.espncdn.com/i/teamlogos/ncaa/500-dark/2916.png,@UIWFootball,NULL,2024-04-23 01:47:54,2024-04-23 01:47:54
90,Indiana,Hoosiers,IND,NULL,IND,Indiana,IU,Big Ten,fbs,#7D110C,#eeedeb,http://a.espncdn.com/i/teamlogos/ncaa/500/84.png,http://a.espncdn.com/i/teamlogos/ncaa/500-dark/84.png,@IndianaFootball,NULL,2024-04-23 01:47:54,2024-04-23 01:47:54
91,Indiana State,Sycamores,INST,NULL,INST,Indiana State,NULL,MVFC,fcs,#00669a,#f0f0f0,http://a.espncdn.com/i/teamlogos/ncaa/500/282.png,http://a.espncdn.com/i/teamlogos/ncaa/500-dark/282.png,@IndianaStateFB,NULL,2024-04-23 01:47:54,2024-04-23 01:47:54
92,Iowa,Hawkeyes,IOWA,NULL,IOWA,Iowa,NULL,Big Ten,fbs,#000000,#ffe100,http://a.espncdn.com/i/teamlogos/ncaa/500/2294.png,http://a.espncdn.com/i/teamlogos/ncaa/500-dark/2294.png,@HawkeyeFootball,NULL,2024-04-23 01:47:54,2024-04-23 01:47:54
93,Iowa State,Cyclones,ISU,NULL,ISU,Iowa State,NULL,Big 12,fbs,#660015,#FDCA2F,http://a.espncdn.com/i/teamlogos/ncaa/500/66.png,http://a.espncdn.com/i/teamlogos/ncaa/500-dark/66.png,@CycloneFB,NULL,2024-04-23 01:47:54,2024-04-23 01:47:54
94,Jackson State,Tigers,JKST,NULL,JKST,Jackson State,NULL,SWAC,fcs,#123297,#b5b7ba,http://a.espncdn.com/i/teamlogos/ncaa/500/2296.png,http://a.espncdn.com/i/teamlogos/ncaa/500-dark/2296.png,@GoJSUTigersFB,NULL,2024-04-23 01:47:54,2024-04-23 01:47:54
95,Jacksonville State,Gamecocks,JVST,NULL,JVST,Jacksonville St,JXST,Conference USA,fbs,#b50500,#b5b7ba,http://a.espncdn.com/i/teamlogos/ncaa/500/55.png,http://a.espncdn.com/i/teamlogos/ncaa/500-dark/55.png,@JSUGamecocksFB,NULL,2024-04-23 01:47:54,2024-04-23 01:47:54
96,James Madison,Dukes,JMU,NULL,JMU,JMU,NULL,Sun Belt,fbs,#450084,#cbb778,http://a.espncdn.com/i/teamlogos/ncaa/500/256.png,http://a.espncdn.com/i/teamlogos/ncaa/500-dark/256.png,@JMUFootball,NULL,2024-04-23 01:47:54,2024-04-23 01:47:54
97,Kansas,Jayhawks,KU,NULL,KU,Kansas,NULL,Big 12,fbs,#0022B4,#e8000d,http://a.espncdn.com/i/teamlogos/ncaa/500/2305.png,http://a.espncdn.com/i/teamlogos/ncaa/500-dark/2305.png,@KU_Football,NULL,2024-04-23 01:47:54,2024-04-23 01:47:54
98,Kansas State,Wildcats,KSU,NULL,KSU,Kansas State,NULL,Big 12,fbs,#633194,#e7d2ad,http://a.espncdn.com/i/teamlogos/ncaa/500/2306.png,http://a.espncdn.com/i/teamlogos/ncaa/500-dark/2306.png,@KStateFB,NULL,2024-04-23 01:47:54,2024-04-23 01:47:54
99,Kennesaw State,Owls,KENN,Kennesaw,KENN,Kennesaw St,NULL,FCS Independents,fcs,#000000,#fdbb30,http://a.espncdn.com/i/teamlogos/ncaa/500/338.png,http://a.espncdn.com/i/teamlogos/ncaa/500-dark/338.png,@KennesawStFB,NULL,2024-04-23 01:47:54,2024-04-23 01:47:54
100,Kent State,Golden Flashes,KENT,NULL,KENT,Kent State,NULL,Mid-American,fbs,#002445,#f0b510,http://a.espncdn.com/i/teamlogos/ncaa/500/2309.png,http://a.espncdn.com/i/teamlogos/ncaa/500-dark/2309.png,@KentStFootball,NULL,2024-04-23 01:47:54,2024-04-23 01:47:54
101,Kentucky,Wildcats,UK,NULL,UK,Kentucky,NULL,SEC,fbs,#005DAA,#ffffff,http://a.espncdn.com/i/teamlogos/ncaa/500/96.png,http://a.espncdn.com/i/teamlogos/ncaa/500-dark/96.png,@UKFootball,NULL,2024-04-23 01:47:54,2024-04-23 01:47:54
102,Lafayette,Leopards,LAF,NULL,LAF,Lafayette,NULL,Patriot,fcs,#790000,#a59474,http://a.espncdn.com/i/teamlogos/ncaa/500/322.png,http://a.espncdn.com/i/teamlogos/ncaa/500-dark/322.png,@LafColFootball,NULL,2024-04-23 01:47:54,2024-04-23 01:47:54
103,Lamar,Cardinals,LAM,NULL,LAM,Lamar,NULL,Southland,fcs,#000000,#ebebeb,http://a.espncdn.com/i/teamlogos/ncaa/500/2320.png,http://a.espncdn.com/i/teamlogos/ncaa/500-dark/2320.png,@LamarFootball,NULL,2024-04-23 01:47:54,2024-04-23 01:47:54
104,Lehigh,Mountain Hawks,LEH,NULL,LEH,Lehigh,NULL,Patriot,fcs,#6c2b2a,#b69e70,http://a.espncdn.com/i/teamlogos/ncaa/500/2329.png,http://a.espncdn.com/i/teamlogos/ncaa/500-dark/2329.png,@LehighFootball,NULL,2024-04-23 01:47:54,2024-04-23 01:47:54
105,Liberty,Flames,LIB,NULL,LIB,Liberty,NULL,Conference USA,fbs,#071740,#a61f21,http://a.espncdn.com/i/teamlogos/ncaa/500/2335.png,http://a.espncdn.com/i/teamlogos/ncaa/500-dark/2335.png,@LibertyFootball,NULL,2024-04-23 01:47:54,2024-04-23 01:47:54
106,Lindenwood,Lions,LIN,NULL,LIN,Lindenwood,NULL,Big South-OVC,fcs,#000000,NULL,http://a.espncdn.com/i/teamlogos/ncaa/500/2815.png,http://a.espncdn.com/i/teamlogos/ncaa/500-dark/2815.png,@LindenwoodFB,NULL,2024-04-23 01:47:54,2024-04-23 01:47:54
107,Long Island University,Sharks,LIU,NULL,LIU,Long Island,NULL,NEC,fcs,#69B3E7,#FFC72C,https://a.espncdn.com/i/teamlogos/ncaa/500/112358.png,NULL,NULL,NULL,2024-04-23 01:47:54,2024-04-23 01:47:54
108,Louisiana,Ragin' Cajuns,ULL,UL Lafayette,ULL,Louisiana,NULL,Sun Belt,fbs,#ce2842,NULL,http://a.espncdn.com/i/teamlogos/ncaa/500/309.png,http://a.espncdn.com/i/teamlogos/ncaa/500-dark/309.png,@RaginCajunsFB,NULL,2024-04-23 01:47:54,2024-04-23 01:47:54
109,Louisiana Monroe,Warhawks,ULM,La.-Monroe,ULM,UL Monroe,NULL,Sun Belt,fbs,#231F20,#b18445,http://a.espncdn.com/i/teamlogos/ncaa/500/2433.png,http://a.espncdn.com/i/teamlogos/ncaa/500-dark/2433.png,@ULM_FB,NULL,2024-04-23 01:47:54,2024-04-23 01:47:54
110,Louisiana Tech,Bulldogs,LT,NULL,LT,LA Tech,NULL,Conference USA,fbs,#002d65,#d3313a,http://a.espncdn.com/i/teamlogos/ncaa/500/2348.png,http://a.espncdn.com/i/teamlogos/ncaa/500-dark/2348.png,@LATechFB,NULL,2024-04-23 01:47:54,2024-04-23 01:47:54
111,Louisville,Cardinals,LOU,NULL,LOU,Louisville,NULL,ACC,fbs,#ad000a,#cccccc,http://a.espncdn.com/i/teamlogos/ncaa/500/97.png,http://a.espncdn.com/i/teamlogos/ncaa/500-dark/97.png,@LouisvilleFB,NULL,2024-04-23 01:47:54,2024-04-23 01:47:54
112,LSU,Tigers,LSU,Louisiana State,LSU,LSU,NULL,SEC,fbs,#fdd023,#2b0d57,http://a.espncdn.com/i/teamlogos/ncaa/500/99.png,http://a.espncdn.com/i/teamlogos/ncaa/500-dark/99.png,@LSUFootball,NULL,2024-04-23 01:47:54,2024-04-23 01:47:54
113,Maine,Black Bears,MAINE,NULL,MAINE,Maine,NULL,CAA,fcs,#127dbe,NULL,http://a.espncdn.com/i/teamlogos/ncaa/500/311.png,http://a.espncdn.com/i/teamlogos/ncaa/500-dark/311.png,@BlackBearsFB,NULL,2024-04-23 01:47:54,2024-04-23 01:47:54
114,Marist,Red Foxes,MRST,NULL,MRST,Marist,NULL,Pioneer,fcs,#e53730,#f0f0f0,http://a.espncdn.com/i/teamlogos/ncaa/500/2368.png,http://a.espncdn.com/i/teamlogos/ncaa/500-dark/2368.png,@Marist_Football,NULL,2024-04-23 01:47:54,2024-04-23 01:47:54
115,Marshall,Thundering Herd,MRSH,MAR,MRSH,Marshall,MARSH,Sun Belt,fbs,#00ae42,#be854c,http://a.espncdn.com/i/teamlogos/ncaa/500/276.png,http://a.espncdn.com/i/teamlogos/ncaa/500-dark/276.png,@HerdFB,NULL,2024-04-23 01:47:54,2024-04-23 01:47:54
116,Maryland,Terrapins,MD,NULL,MD,Maryland,UMD,Big Ten,fbs,#D5002B,#ffcd00,http://a.espncdn.com/i/teamlogos/ncaa/500/120.png,http://a.espncdn.com/i/teamlogos/ncaa/500-dark/120.png,@TerpsFootball,NULL,2024-04-23 01:47:54,2024-04-23 01:47:54
117,McNeese,Cowboys,MCNS,NULL,MCNS,McNeese,NULL,Southland,fcs,#00529C,NULL,http://a.espncdn.com/i/teamlogos/ncaa/500/2377.png,http://a.espncdn.com/i/teamlogos/ncaa/500-dark/2377.png,@McNeeseFootball,NULL,2024-04-23 01:47:54,2024-04-23 01:47:54
118,Memphis,Tigers,MEM,NULL,MEM,Memphis,NULL,American Athletic,fbs,#003087,#898d8d,http://a.espncdn.com/i/teamlogos/ncaa/500/235.png,http://a.espncdn.com/i/teamlogos/ncaa/500-dark/235.png,@MemphisFB,NULL,2024-04-23 01:47:54,2024-04-23 01:47:54
119,Mercer,Bears,MER,NULL,MER,Mercer,NULL,Southern,fcs,#ff7f29,#080808,http://a.espncdn.com/i/teamlogos/ncaa/500/2382.png,http://a.espncdn.com/i/teamlogos/ncaa/500-dark/2382.png,@MercerFootball,NULL,2024-04-23 01:47:54,2024-04-23 01:47:54
120,Merrimack,Warriors,MER,NULL,MER,Merrimack,NULL,NEC,fcs,#000000,NULL,http://a.espncdn.com/i/teamlogos/ncaa/500/2771.png,http://a.espncdn.com/i/teamlogos/ncaa/500-dark/2771.png,@MerrimackFB,NULL,2024-04-23 01:47:54,2024-04-23 01:47:54
121,Miami,Hurricanes,MIAMI,Miami (FL),MIAMI,Miami,MIA,ACC,fbs,#004325,#f0f0f0,http://a.espncdn.com/i/teamlogos/ncaa/500/2390.png,http://a.espncdn.com/i/teamlogos/ncaa/500-dark/2390.png,@CanesFootball,NULL,2024-04-23 01:47:54,2024-04-23 01:47:54
122,Miami (OH),RedHawks,M-OH,NULL,M-OH,Miami (OH),MIOH,Mid-American,fbs,#a4000c,#f0f0f0,http://a.espncdn.com/i/teamlogos/ncaa/500/193.png,http://a.espncdn.com/i/teamlogos/ncaa/500-dark/193.png,@MiamiOHFootball,NULL,2024-04-23 01:47:54,2024-04-23 01:47:54
123,Michigan,Wolverines,MICH,NULL,MICH,Michigan,UM,Big Ten,fbs,#00274c,#FFCB05,http://a.espncdn.com/i/teamlogos/ncaa/500/130.png,http://a.espncdn.com/i/teamlogos/ncaa/500-dark/130.png,@UMichFootball,NULL,2024-04-23 01:47:54,2024-04-23 01:47:54
124,Michigan State,Spartans,MSU,NULL,MSU,Michigan State,NULL,Big Ten,fbs,#18453B,#ffffff,http://a.espncdn.com/i/teamlogos/ncaa/500/127.png,http://a.espncdn.com/i/teamlogos/ncaa/500-dark/127.png,@MSU_Football,NULL,2024-04-23 01:47:54,2024-04-23 01:47:54
125,Middle Tennessee,Blue Raiders,MTSU,Middle Tennessee State,MTSU,Mid Tennessee,NULL,Conference USA,fbs,#0079C2,#c3c5c8,http://a.espncdn.com/i/teamlogos/ncaa/500/2393.png,http://a.espncdn.com/i/teamlogos/ncaa/500-dark/2393.png,@MT_FB,NULL,2024-04-23 01:47:54,2024-04-23 01:47:54
126,Minnesota,Golden Gophers,MINN,NULL,MINN,Minnesota,MINNY,Big Ten,fbs,#7A0019,#FFCC33,http://a.espncdn.com/i/teamlogos/ncaa/500/135.png,http://a.espncdn.com/i/teamlogos/ncaa/500-dark/135.png,@GopherFootball,NULL,2024-04-23 01:47:54,2024-04-23 01:47:54
127,Mississippi State,Bulldogs,MSST,NULL,MSST,Miss St,NULL,SEC,fbs,#762123,#c8c8c8,http://a.espncdn.com/i/teamlogos/ncaa/500/344.png,http://a.espncdn.com/i/teamlogos/ncaa/500-dark/344.png,@HailStateFB,NULL,2024-04-23 01:47:54,2024-04-23 01:47:54
128,Mississippi Valley State,Delta Devils,MVSU,NULL,MVSU,Miss Valley St,NULL,SWAC,fcs,#005328,#cf2d34,http://a.espncdn.com/i/teamlogos/ncaa/500/2400.png,http://a.espncdn.com/i/teamlogos/ncaa/500-dark/2400.png,@MSValleyFB,NULL,2024-04-23 01:47:54,2024-04-23 01:47:54
129,Missouri,Tigers,MIZ,NULL,MIZ,Missouri,MIZZ,SEC,fbs,#000000,#000000,http://a.espncdn.com/i/teamlogos/ncaa/500/142.png,http://a.espncdn.com/i/teamlogos/ncaa/500-dark/142.png,@MizzouFootball,NULL,2024-04-23 01:47:54,2024-04-23 01:47:54
130,Missouri State,Bears,MOST,NULL,MOST,Missouri State,NULL,MVFC,fcs,#5F0000,#e8e8e8,http://a.espncdn.com/i/teamlogos/ncaa/500/2623.png,http://a.espncdn.com/i/teamlogos/ncaa/500-dark/2623.png,@MOStateFootball,NULL,2024-04-23 01:47:54,2024-04-23 01:47:54
131,Monmouth,Hawks,MONM,Monmouth NJ,MONM,Monmouth,NULL,CAA,fcs,#051844,NULL,http://a.espncdn.com/i/teamlogos/ncaa/500/2405.png,http://a.espncdn.com/i/teamlogos/ncaa/500-dark/2405.png,@MUHawksFB,NULL,2024-04-23 01:47:54,2024-04-23 01:47:54
132,Montana,Grizzlies,MONT,NULL,MONT,Montana,UMT,Big Sky,fcs,#751D4A,#666666,http://a.espncdn.com/i/teamlogos/ncaa/500/149.png,http://a.espncdn.com/i/teamlogos/ncaa/500-dark/149.png,@MontanaGrizFB,NULL,2024-04-23 01:47:54,2024-04-23 01:47:54
133,Montana State,Bobcats,MTST,NULL,MTST,Montana State,NULL,Big Sky,fcs,#003875,#bf965c,http://a.espncdn.com/i/teamlogos/ncaa/500/147.png,http://a.espncdn.com/i/teamlogos/ncaa/500-dark/147.png,@MSUBobcatsFB,NULL,2024-04-23 01:47:54,2024-04-23 01:47:54
134,Morehead State,Eagles,MORE,NULL,MORE,Morehead State,NULL,Pioneer,fcs,#094FA3,#fed91a,http://a.espncdn.com/i/teamlogos/ncaa/500/2413.png,http://a.espncdn.com/i/teamlogos/ncaa/500-dark/2413.png,@MSUEaglesFB,NULL,2024-04-23 01:47:54,2024-04-23 01:47:54
135,Morgan State,Bears,MORG,NULL,MORG,Morgan State,NULL,MEAC,fcs,#014786,#f47937,http://a.espncdn.com/i/teamlogos/ncaa/500/2415.png,http://a.espncdn.com/i/teamlogos/ncaa/500-dark/2415.png,@MorganStateFB,NULL,2024-04-23 01:47:54,2024-04-23 01:47:54
136,Murray State,Racers,MURR,NULL,MURR,Murray State,NULL,MVFC,fcs,#002148,#000e00,http://a.espncdn.com/i/teamlogos/ncaa/500/93.png,http://a.espncdn.com/i/teamlogos/ncaa/500-dark/93.png,@RacersFootball,NULL,2024-04-23 01:47:54,2024-04-23 01:47:54
137,Navy,Midshipmen,NAVY,NULL,NAVY,Navy,NULL,American Athletic,fbs,#131630,#b6a77c,http://a.espncdn.com/i/teamlogos/ncaa/500/2426.png,http://a.espncdn.com/i/teamlogos/ncaa/500-dark/2426.png,@NavyFB,NULL,2024-04-23 01:47:54,2024-04-23 01:47:54
138,NC State,Wolfpack,NCST,North Carolina St.,NCST,NC State,NULL,ACC,fbs,#EF1216,#231f20,http://a.espncdn.com/i/teamlogos/ncaa/500/152.png,http://a.espncdn.com/i/teamlogos/ncaa/500-dark/152.png,@PackFootball,NULL,2024-04-23 01:47:54,2024-04-23 01:47:54
139,Nebraska,Cornhuskers,NEB,NULL,NEB,Nebraska,NU,Big Ten,fbs,#F20017,#f5f1e7,http://a.espncdn.com/i/teamlogos/ncaa/500/158.png,http://a.espncdn.com/i/teamlogos/ncaa/500-dark/158.png,@HuskerFBNation,NULL,2024-04-23 01:47:54,2024-04-23 01:47:54
140,Nevada,Wolf Pack,NEV,RENO,NEV,Nevada,UNR,Mountain West,fbs,#153E5F,#8e9295,http://a.espncdn.com/i/teamlogos/ncaa/500/2440.png,http://a.espncdn.com/i/teamlogos/ncaa/500-dark/2440.png,@NevadaFootball,NULL,2024-04-23 01:47:54,2024-04-23 01:47:54
141,New Hampshire,Wildcats,UNH,NULL,UNH,UNH,NULL,CAA,fcs,#004990,#c3c4c6,http://a.espncdn.com/i/teamlogos/ncaa/500/160.png,http://a.espncdn.com/i/teamlogos/ncaa/500-dark/160.png,@UNH_Football,NULL,2024-04-23 01:47:54,2024-04-23 01:47:54
142,New Mexico,Lobos,UNM,NULL,UNM,New Mexico,NULL,Mountain West,fbs,#000000,#231f20,http://a.espncdn.com/i/teamlogos/ncaa/500/167.png,http://a.espncdn.com/i/teamlogos/ncaa/500-dark/167.png,@UNMLoboFB,NULL,2024-04-23 01:47:54,2024-04-23 01:47:54
143,New Mexico State,Aggies,NMSU,NULL,NMSU,New Mexico St,NMST,Conference USA,fbs,#891216,#000000,http://a.espncdn.com/i/teamlogos/ncaa/500/166.png,http://a.espncdn.com/i/teamlogos/ncaa/500-dark/166.png,@NMStateFootball,NULL,2024-04-23 01:47:54,2024-04-23 01:47:54
144,Nicholls,Colonels,NICH,NULL,NICH,Nicholls,NULL,Southland,fcs,#C41230,#f0f0f0,http://a.espncdn.com/i/teamlogos/ncaa/500/2447.png,http://a.espncdn.com/i/teamlogos/ncaa/500-dark/2447.png,@Nicholls_FB,NULL,2024-04-23 01:47:54,2024-04-23 01:47:54
145,Norfolk State,Spartans,NSU,NULL,NSU,Norfolk State,NULL,MEAC,fcs,#046546,NULL,http://a.espncdn.com/i/teamlogos/ncaa/500/2450.png,http://a.espncdn.com/i/teamlogos/ncaa/500-dark/2450.png,@NSU_FB,NULL,2024-04-23 01:47:54,2024-04-23 01:47:54
146,North Alabama,Lions,NOR,NULL,NOR,North Alabama,NULL,UAC,fcs,#000000,NULL,http://a.espncdn.com/i/teamlogos/ncaa/500/2453.png,http://a.espncdn.com/i/teamlogos/ncaa/500-dark/2453.png,@UNAFootball,NULL,2024-04-23 01:47:54,2024-04-23 01:47:54
147,North Carolina,Tar Heels,UNC,NULL,UNC,UNC,NULL,ACC,fbs,#99bfe5,#13294b,http://a.espncdn.com/i/teamlogos/ncaa/500/153.png,http://a.espncdn.com/i/teamlogos/ncaa/500-dark/153.png,@UNCFootball,NULL,2024-04-23 01:47:54,2024-04-23 01:47:54
148,North Carolina A&T,Aggies,NCAT,NULL,NCAT,NC A&T,NULL,CAA,fcs,#0505aa,#004684,http://a.espncdn.com/i/teamlogos/ncaa/500/2448.png,http://a.espncdn.com/i/teamlogos/ncaa/500-dark/2448.png,@Football_NCAT,NULL,2024-04-23 01:47:54,2024-04-23 01:47:54
149,North Carolina Central,Eagles,NCCU,NULL,NCCU,NC Central,NULL,MEAC,fcs,#880023,#c2c3c0,http://a.espncdn.com/i/teamlogos/ncaa/500/2428.png,http://a.espncdn.com/i/teamlogos/ncaa/500-dark/2428.png,@NCCU_Football,NULL,2024-04-23 01:47:54,2024-04-23 01:47:54
150,North Dakota,Fighting Hawks,UND,NULL,UND,North Dakota,NULL,MVFC,fcs,#00A26B,#c2c3c0,http://a.espncdn.com/i/teamlogos/ncaa/500/155.png,http://a.espncdn.com/i/teamlogos/ncaa/500-dark/155.png,@UNDFootball,NULL,2024-04-23 01:47:54,2024-04-23 01:47:54
151,North Dakota State,Bison,NDSU,NULL,NDSU,North Dakota St,NULL,MVFC,fcs,#01402A,#ffffff,http://a.espncdn.com/i/teamlogos/ncaa/500/2449.png,http://a.espncdn.com/i/teamlogos/ncaa/500-dark/2449.png,@NDSUFootball,NULL,2024-04-23 01:47:54,2024-04-23 01:47:54
152,Northern Arizona,Lumberjacks,NAU,NULL,NAU,N Arizona,NULL,Big Sky,fcs,#003976,#1b3069,http://a.espncdn.com/i/teamlogos/ncaa/500/2464.png,http://a.espncdn.com/i/teamlogos/ncaa/500-dark/2464.png,@NAU_Football,NULL,2024-04-23 01:47:54,2024-04-23 01:47:54
153,Northern Colorado,Bears,UNCO,NULL,UNCO,N Colorado,NULL,Big Sky,fcs,#13558D,#ffc533,http://a.espncdn.com/i/teamlogos/ncaa/500/2458.png,http://a.espncdn.com/i/teamlogos/ncaa/500-dark/2458.png,@UNCBearsFB,NULL,2024-04-23 01:47:54,2024-04-23 01:47:54
154,Northern Illinois,Huskies,NIU,NULL,NIU,N Illinois,NULL,Mid-American,fbs,#F1122C,#cc0000,http://a.espncdn.com/i/teamlogos/ncaa/500/2459.png,http://a.espncdn.com/i/teamlogos/ncaa/500-dark/2459.png,@NIU_Football,NULL,2024-04-23 01:47:54,2024-04-23 01:47:54
155,Northern Iowa,Panthers,UNI,NULL,UNI,Northern Iowa,NULL,MVFC,fcs,#473282,#ffffff,http://a.espncdn.com/i/teamlogos/ncaa/500/2460.png,http://a.espncdn.com/i/teamlogos/ncaa/500-dark/2460.png,@UNIFootball,NULL,2024-04-23 01:47:54,2024-04-23 01:47:54
156,North Texas,Mean Green,UNT,NULL,UNT,North Texas,NULL,American Athletic,fbs,#00853D,#000000,http://a.espncdn.com/i/teamlogos/ncaa/500/249.png,http://a.espncdn.com/i/teamlogos/ncaa/500-dark/249.png,@MeanGreenFB,NULL,2024-04-23 01:47:54,2024-04-23 01:47:54
157,Northwestern,Wildcats,NW,NULL,NW,Northwestern,NULL,Big Ten,fbs,#372286,#d6cac1,http://a.espncdn.com/i/teamlogos/ncaa/500/77.png,http://a.espncdn.com/i/teamlogos/ncaa/500-dark/77.png,@NUFBFamily,NULL,2024-04-23 01:47:54,2024-04-23 01:47:54
158,Northwestern State,Demons,NWST,NULL,NWST,Northwestern St,NULL,Southland,fcs,#492F91,#ed6118,http://a.espncdn.com/i/teamlogos/ncaa/500/2466.png,http://a.espncdn.com/i/teamlogos/ncaa/500-dark/2466.png,@NSUDemonsFB,NULL,2024-04-23 01:47:54,2024-04-23 01:47:54
159,Notre Dame,Fighting Irish,ND,NULL,ND,Notre Dame,NULL,FBS Independents,fbs,#00122b,#ae9142,http://a.espncdn.com/i/teamlogos/ncaa/500/87.png,http://a.espncdn.com/i/teamlogos/ncaa/500-dark/87.png,@NDFootball,NULL,2024-04-23 01:47:54,2024-04-23 01:47:54
160,Ohio,Bobcats,OHIO,NULL,OHIO,Ohio,NULL,Mid-American,fbs,#295A29,#e4bb85,http://a.espncdn.com/i/teamlogos/ncaa/500/195.png,http://a.espncdn.com/i/teamlogos/ncaa/500-dark/195.png,@OhioFootball,NULL,2024-04-23 01:47:54,2024-04-23 01:47:54
161,Ohio State,Buckeyes,OSU,NULL,THE,OSU,NULL,Big Ten,fbs,#DE3121,#666666,http://a.espncdn.com/i/teamlogos/ncaa/500/194.png,http://a.espncdn.com/i/teamlogos/ncaa/500-dark/194.png,@OhioStateFB,NULL,2024-04-23 01:47:54,2024-04-23 01:47:54
162,Oklahoma,Sooners,OKLA,NULL,OKLA,Oklahoma,OU,Big 12,fbs,#7b0000,#cccccc,http://a.espncdn.com/i/teamlogos/ncaa/500/201.png,http://a.espncdn.com/i/teamlogos/ncaa/500-dark/201.png,@OU_Football,NULL,2024-04-23 01:47:54,2024-04-23 01:47:54
163,Oklahoma State,Cowboys,OKST,NULL,OKST,Oklahoma State,NULL,Big 12,fbs,#FF6500,#ff9900,http://a.espncdn.com/i/teamlogos/ncaa/500/197.png,http://a.espncdn.com/i/teamlogos/ncaa/500-dark/197.png,@CowboyFB,NULL,2024-04-23 01:47:54,2024-04-23 01:47:54
164,Old Dominion,Monarchs,ODU,NULL,ODU,Old Dominion,NULL,Sun Belt,fbs,#00507d,#a1d2f1,http://a.espncdn.com/i/teamlogos/ncaa/500/295.png,http://a.espncdn.com/i/teamlogos/ncaa/500-dark/295.png,@ODUFootball,NULL,2024-04-23 01:47:54,2024-04-23 01:47:54
165,Ole Miss,Rebels,MISS,NULL,MISS,Ole Miss,OLE,SEC,fbs,#001148,#00205b,http://a.espncdn.com/i/teamlogos/ncaa/500/145.png,http://a.espncdn.com/i/teamlogos/ncaa/500-dark/145.png,@OleMissFB,NULL,2024-04-23 01:47:54,2024-04-23 01:47:54
166,Oregon,Ducks,ORE,NULL,ORE,Oregon,UO,Pac-12,fbs,#044520,#fee123,http://a.espncdn.com/i/teamlogos/ncaa/500/2483.png,http://a.espncdn.com/i/teamlogos/ncaa/500-dark/2483.png,@OregonFootball,NULL,2024-04-23 01:47:54,2024-04-23 01:47:54
167,Oregon State,Beavers,ORST,NULL,ORST,Oregon State,NULL,Pac-12,fbs,#c34500,#dea076,http://a.espncdn.com/i/teamlogos/ncaa/500/204.png,http://a.espncdn.com/i/teamlogos/ncaa/500-dark/204.png,@BeaverFootball,NULL,2024-04-23 01:47:54,2024-04-23 01:47:54
168,Penn State,Nittany Lions,PSU,NULL,PSU,Penn State,NULL,Big Ten,fbs,#041E42,#ffffff,http://a.espncdn.com/i/teamlogos/ncaa/500/213.png,http://a.espncdn.com/i/teamlogos/ncaa/500-dark/213.png,@PennStateFball,NULL,2024-04-23 01:47:54,2024-04-23 01:47:54
169,Pennsylvania,Quakers,PENN,NULL,PENN,Penn,NULL,Ivy,fcs,#082A74,#a6163d,http://a.espncdn.com/i/teamlogos/ncaa/500/219.png,http://a.espncdn.com/i/teamlogos/ncaa/500-dark/219.png,@PENNfb,NULL,2024-04-23 01:47:54,2024-04-23 01:47:54
170,Pittsburgh,Panthers,PITT,Pitt,PITT,Pitt,NULL,ACC,fbs,#003263,#231f20,http://a.espncdn.com/i/teamlogos/ncaa/500/221.png,http://a.espncdn.com/i/teamlogos/ncaa/500-dark/221.png,@Pitt_FB,NULL,2024-04-23 01:47:54,2024-04-23 01:47:54
171,Portland State,Vikings,PRST,NULL,PRST,Portland State,NULL,Big Sky,fcs,#00311e,#ebebeb,http://a.espncdn.com/i/teamlogos/ncaa/500/2502.png,http://a.espncdn.com/i/teamlogos/ncaa/500-dark/2502.png,@PSUViksFB,NULL,2024-04-23 01:47:54,2024-04-23 01:47:54
172,Prairie View,Panthers,PVAM,NULL,PVAM,PV A&M,NULL,SWAC,fcs,#4d0960,NULL,http://a.espncdn.com/i/teamlogos/ncaa/500/2504.png,http://a.espncdn.com/i/teamlogos/ncaa/500-dark/2504.png,@PVAMU_Football,NULL,2024-04-23 01:47:54,2024-04-23 01:47:54
173,Presbyterian College,Blue Hose,PRE,NULL,PRE,Presbyterian,NULL,Pioneer,fcs,#194896,#990134,http://a.espncdn.com/i/teamlogos/ncaa/500/2506.png,http://a.espncdn.com/i/teamlogos/ncaa/500-dark/2506.png,@BlueHoseFtball,NULL,2024-04-23 01:47:54,2024-04-23 01:47:54
174,Princeton,Tigers,PRIN,NULL,PRIN,Princeton,NULL,Ivy,fcs,#ff9408,#080808,http://a.espncdn.com/i/teamlogos/ncaa/500/163.png,http://a.espncdn.com/i/teamlogos/ncaa/500-dark/163.png,@PUTigerFootball,NULL,2024-04-23 01:47:54,2024-04-23 01:47:54
175,Purdue,Boilermakers,PUR,NULL,PUR,Purdue,NULL,Big Ten,fbs,#B89D29,#a4a9ad,http://a.espncdn.com/i/teamlogos/ncaa/500/2509.png,http://a.espncdn.com/i/teamlogos/ncaa/500-dark/2509.png,@BoilerFootball,NULL,2024-04-23 01:47:54,2024-04-23 01:47:54
176,Rhode Island,Rams,URI,NULL,URI,URI,NULL,CAA,fcs,#091f3f,#5ab3e8,http://a.espncdn.com/i/teamlogos/ncaa/500/227.png,http://a.espncdn.com/i/teamlogos/ncaa/500-dark/227.png,@RhodyFootball,NULL,2024-04-23 01:47:54,2024-04-23 01:47:54
177,Rice,Owls,RICE,NULL,RICE,Rice,NULL,American Athletic,fbs,#003D7D,#d1d5d8,http://a.espncdn.com/i/teamlogos/ncaa/500/242.png,http://a.espncdn.com/i/teamlogos/ncaa/500-dark/242.png,@RiceFootball,NULL,2024-04-23 01:47:54,2024-04-23 01:47:54
178,Richmond,Spiders,RICH,NULL,RICH,Richmond,NULL,CAA,fcs,#9e0712,#b90b2e,http://a.espncdn.com/i/teamlogos/ncaa/500/257.png,http://a.espncdn.com/i/teamlogos/ncaa/500-dark/257.png,@SpiderFootball,NULL,2024-04-23 01:47:54,2024-04-23 01:47:54
179,Robert Morris,Colonials,RMU,NULL,RMU,Robert Morris,NULL,Big South-OVC,fcs,#00214D,#a21d2b,http://a.espncdn.com/i/teamlogos/ncaa/500/2523.png,http://a.espncdn.com/i/teamlogos/ncaa/500-dark/2523.png,@RMUFootball,NULL,2024-04-23 01:47:54,2024-04-23 01:47:54
180,Rutgers,Scarlet Knights,RUTG,RU,RUTG,Rutgers,RUT,Big Ten,fbs,#d21034,#ffffff,http://a.espncdn.com/i/teamlogos/ncaa/500/164.png,http://a.espncdn.com/i/teamlogos/ncaa/500-dark/164.png,@Rfootball,NULL,2024-04-23 01:47:54,2024-04-23 01:47:54
181,Sacramento State,Hornets,SAC,Cal State Sacramento,SAC,Sacramento St,NULL,Big Sky,fcs,#00573C,#cdb97d,http://a.espncdn.com/i/teamlogos/ncaa/500/16.png,http://a.espncdn.com/i/teamlogos/ncaa/500-dark/16.png,@SacHornetsFB,NULL,2024-04-23 01:47:54,2024-04-23 01:47:54
182,Sacred Heart,Pioneers,SHU,NULL,SHU,Sacred Heart,NULL,NEC,fcs,#a40012,#c29472,http://a.espncdn.com/i/teamlogos/ncaa/500/2529.png,http://a.espncdn.com/i/teamlogos/ncaa/500-dark/2529.png,@SHU__Football,NULL,2024-04-23 01:47:54,2024-04-23 01:47:54
183,Samford,Bulldogs,SAM,NULL,SAM,Samford,NULL,Southern,fcs,#005485,#bc0023,http://a.espncdn.com/i/teamlogos/ncaa/500/2535.png,http://a.espncdn.com/i/teamlogos/ncaa/500-dark/2535.png,@SamfordFootball,NULL,2024-04-23 01:47:54,2024-04-23 01:47:54
184,Sam Houston State,Bearkats,SHSU,NULL,SHSU,Sam Houston,NULL,Conference USA,fbs,#fe5000,#000000,http://a.espncdn.com/i/teamlogos/ncaa/500/2534.png,http://a.espncdn.com/i/teamlogos/ncaa/500-dark/2534.png,@BearkatsFB,NULL,2024-04-23 01:47:54,2024-04-23 01:47:54
185,San Diego,Toreros,USD,NULL,USD,San Diego,NULL,Pioneer,fcs,#2f99d4,#2f99d4,http://a.espncdn.com/i/teamlogos/ncaa/500/301.png,http://a.espncdn.com/i/teamlogos/ncaa/500-dark/301.png,@USDFootball,NULL,2024-04-23 01:47:54,2024-04-23 01:47:54
186,San Diego State,Aztecs,SDSU,NULL,SDSU,San Diego State,NULL,Mountain West,fbs,#BF2C37,#a8996e,http://a.espncdn.com/i/teamlogos/ncaa/500/21.png,http://a.espncdn.com/i/teamlogos/ncaa/500-dark/21.png,@AztecFB,NULL,2024-04-23 01:47:54,2024-04-23 01:47:54
187,San Jos√© State,Spartans,SJSU,San Jose St.,SJSU,San Jose State,NULL,Mountain West,fbs,#005893,#fdba31,http://a.espncdn.com/i/teamlogos/ncaa/500/23.png,http://a.espncdn.com/i/teamlogos/ncaa/500-dark/23.png,@SanJoseStateFB,NULL,2024-04-23 01:47:54,2024-04-23 01:47:54
188,SMU,Mustangs,SMU,Southern Methodist,SMU,SMU,NULL,American Athletic,fbs,#E32F38,#ecdcb9,http://a.espncdn.com/i/teamlogos/ncaa/500/2567.png,http://a.espncdn.com/i/teamlogos/ncaa/500-dark/2567.png,@SMUFB,NULL,2024-04-23 01:47:54,2024-04-23 01:47:54
189,South Alabama,Jaguars,USA,NULL,USA,South Alabama,SALA,Sun Belt,fbs,#003E7E,NULL,http://a.espncdn.com/i/teamlogos/ncaa/500/6.png,http://a.espncdn.com/i/teamlogos/ncaa/500-dark/6.png,@SouthAlabamaFB,NULL,2024-04-23 01:47:54,2024-04-23 01:47:54
190,South Carolina,Gamecocks,SC,NULL,SC,South Carolina,SCAR,SEC,fbs,#670010,#000000,http://a.espncdn.com/i/teamlogos/ncaa/500/2579.png,http://a.espncdn.com/i/teamlogos/ncaa/500-dark/2579.png,@GamecockFB,NULL,2024-04-23 01:47:54,2024-04-23 01:47:54
191,South Carolina State,Bulldogs,SCST,NULL,SCST,S Carolina St,NULL,MEAC,fcs,#7d1315,#104897,http://a.espncdn.com/i/teamlogos/ncaa/500/2569.png,http://a.espncdn.com/i/teamlogos/ncaa/500-dark/2569.png,@SCState_FB,NULL,2024-04-23 01:47:54,2024-04-23 01:47:54
192,South Dakota,Coyotes,SDAK,NULL,SDAK,South Dakota,NULL,MVFC,fcs,#CD1241,#f0f0f0,http://a.espncdn.com/i/teamlogos/ncaa/500/233.png,http://a.espncdn.com/i/teamlogos/ncaa/500-dark/233.png,@SDCoyotesFB,NULL,2024-04-23 01:47:54,2024-04-23 01:47:54
193,South Dakota State,Jackrabbits,SDSU,NULL,SDSU,South Dakota St,NULL,MVFC,fcs,#005DAB,#c33139,http://a.espncdn.com/i/teamlogos/ncaa/500/2571.png,http://a.espncdn.com/i/teamlogos/ncaa/500-dark/2571.png,@GoJacksFB,NULL,2024-04-23 01:47:54,2024-04-23 01:47:54
194,Southeastern Louisiana,Lions,SELA,Southeast Louisiana,SELA,SE Louisiana,NULL,Southland,fcs,#215732,#ffc72c,http://a.espncdn.com/i/teamlogos/ncaa/500/2545.png,http://a.espncdn.com/i/teamlogos/ncaa/500-dark/2545.png,@SLUFootball,NULL,2024-04-23 01:47:54,2024-04-23 01:47:54
195,Southeast Missouri State,Redhawks,SEMO,Southeast Missouri,SEMO,SE Missouri St,NULL,Big South-OVC,fcs,#cc0000,#080808,http://a.espncdn.com/i/teamlogos/ncaa/500/2546.png,http://a.espncdn.com/i/teamlogos/ncaa/500-dark/2546.png,@SEMOFootball,NULL,2024-04-23 01:47:54,2024-04-23 01:47:54
196,Southern,Jaguars,SOU,NULL,SOU,Southern,NULL,SWAC,fcs,#004B97,#ffc82d,http://a.espncdn.com/i/teamlogos/ncaa/500/2582.png,http://a.espncdn.com/i/teamlogos/ncaa/500-dark/2582.png,@SouthernUsports,NULL,2024-04-23 01:47:54,2024-04-23 01:47:54
197,Southern Illinois,Salukis,SIU,NULL,SIU,S Illinois,NULL,MVFC,fcs,#85283D,#c2c3c0,http://a.espncdn.com/i/teamlogos/ncaa/500/79.png,http://a.espncdn.com/i/teamlogos/ncaa/500-dark/79.png,@SIU_Football,NULL,2024-04-23 01:47:54,2024-04-23 01:47:54
198,Southern Mississippi,Golden Eagles,USM,NULL,USM,Southern Miss,NULL,Sun Belt,fbs,#FFAA3C,#ffc423,http://a.espncdn.com/i/teamlogos/ncaa/500/2572.png,http://a.espncdn.com/i/teamlogos/ncaa/500-dark/2572.png,@SouthernMissFB,NULL,2024-04-23 01:47:54,2024-04-23 01:47:54
199,Southern Utah,Thunderbirds,SUU,NULL,SUU,Southern Utah,NULL,UAC,fcs,#d10000,#c2c3c0,http://a.espncdn.com/i/teamlogos/ncaa/500/253.png,http://a.espncdn.com/i/teamlogos/ncaa/500-dark/253.png,@SUUFB,NULL,2024-04-23 01:47:54,2024-04-23 01:47:54
200,South Florida,Bulls,USF,NULL,USF,USF,NULL,American Athletic,fbs,#004A36,#231f20,http://a.espncdn.com/i/teamlogos/ncaa/500/58.png,http://a.espncdn.com/i/teamlogos/ncaa/500-dark/58.png,@USFFootball,NULL,2024-04-23 01:47:54,2024-04-23 01:47:54
201,Stanford,Cardinal,STAN,NULL,STAN,Stanford,NULL,Pac-12,fbs,#A80532,#ffffff,http://a.espncdn.com/i/teamlogos/ncaa/500/24.png,http://a.espncdn.com/i/teamlogos/ncaa/500-dark/24.png,@StanfordFball,NULL,2024-04-23 01:47:54,2024-04-23 01:47:54
202,Stephen F. Austin,Lumberjacks,SFA,Stephen F Austin,SFA,SF Austin,NULL,UAC,fcs,#393996,#bec0c2,http://a.espncdn.com/i/teamlogos/ncaa/500/2617.png,http://a.espncdn.com/i/teamlogos/ncaa/500-dark/2617.png,@SFA_Football,NULL,2024-04-23 01:47:54,2024-04-23 01:47:54
203,Stetson,Hatters,STET,NULL,STET,Stetson,NULL,Pioneer,fcs,#0a5640,#56854e,http://a.espncdn.com/i/teamlogos/ncaa/500/56.png,http://a.espncdn.com/i/teamlogos/ncaa/500-dark/56.png,@StetsonFootball,NULL,2024-04-23 01:47:54,2024-04-23 01:47:54
204,St Francis (PA),Red Flash,SFU,St. Francis PA,SFU,St Francis PA,NULL,NEC,fcs,#a20012,NULL,http://a.espncdn.com/i/teamlogos/ncaa/500/2598.png,http://a.espncdn.com/i/teamlogos/ncaa/500-dark/2598.png,@RedFlashFB,NULL,2024-04-23 01:47:54,2024-04-23 01:47:54
205,Stonehill,Chieftains,SBI,NULL,SBI,Stonehill,NULL,NEC,fcs,#000000,NULL,http://a.espncdn.com/i/teamlogos/ncaa/500/284.png,http://a.espncdn.com/i/teamlogos/ncaa/500-dark/284.png,@StonehillFB,NULL,2024-04-23 01:47:54,2024-04-23 01:47:54
206,Stony Brook,Seawolves,STON,NULL,STON,Stony Brook,NULL,CAA,fcs,#990000,NULL,http://a.espncdn.com/i/teamlogos/ncaa/500/2619.png,http://a.espncdn.com/i/teamlogos/ncaa/500-dark/2619.png,@StonyBrookFB,NULL,2024-04-23 01:47:54,2024-04-23 01:47:54
207,St. Thomas (MN),Tommies,STMN,St Thomas MN,STMN,St. Thomas (MN),NULL,Pioneer,fcs,#000000,NULL,http://a.espncdn.com/i/teamlogos/ncaa/500/2900.png,http://a.espncdn.com/i/teamlogos/ncaa/500-dark/2900.png,@UST_Football,NULL,2024-04-23 01:47:54,2024-04-23 01:47:54
208,Syracuse,Orange,SYR,NULL,SYR,Syracuse,CUSE,ACC,fbs,#F37321,#0d1d37,http://a.espncdn.com/i/teamlogos/ncaa/500/183.png,http://a.espncdn.com/i/teamlogos/ncaa/500-dark/183.png,@CuseFootball,NULL,2024-04-23 01:47:54,2024-04-23 01:47:54
209,Tarleton State,Texans,TAR,NULL,TAR,Tarleton St,NULL,UAC,fcs,#000000,NULL,http://a.espncdn.com/i/teamlogos/ncaa/500/2627.png,http://a.espncdn.com/i/teamlogos/ncaa/500-dark/2627.png,@TarletonFB,NULL,2024-04-23 01:47:54,2024-04-23 01:47:54
210,TCU,Horned Frogs,TCU,Texas Christian,TCU,TCU,NULL,Big 12,fbs,#3C377D,#f1f2f3,http://a.espncdn.com/i/teamlogos/ncaa/500/2628.png,http://a.espncdn.com/i/teamlogos/ncaa/500-dark/2628.png,@TCUFootball,NULL,2024-04-23 01:47:54,2024-04-23 01:47:54
211,Temple,Owls,TEM,NULL,TEM,Temple,NULL,American Athletic,fbs,#A80532,#a7a9ac,http://a.espncdn.com/i/teamlogos/ncaa/500/218.png,http://a.espncdn.com/i/teamlogos/ncaa/500-dark/218.png,@Temple_FB,NULL,2024-04-23 01:47:54,2024-04-23 01:47:54
212,Tennessee,Volunteers,TENN,NULL,TENN,Tennessee,NULL,SEC,fbs,#EE9627,#ffffff,http://a.espncdn.com/i/teamlogos/ncaa/500/2633.png,http://a.espncdn.com/i/teamlogos/ncaa/500-dark/2633.png,@Vol_Football,NULL,2024-04-23 01:47:54,2024-04-23 01:47:54
213,Tennessee State,Tigers,TNST,NULL,TNST,Tennessee St,NULL,Big South-OVC,fcs,#171796,#f0f0f0,http://a.espncdn.com/i/teamlogos/ncaa/500/2634.png,http://a.espncdn.com/i/teamlogos/ncaa/500-dark/2634.png,@TSU_Football,NULL,2024-04-23 01:47:54,2024-04-23 01:47:54
214,Tennessee Tech,Golden Eagles,TNTC,NULL,TNTC,Tenn Tech,NULL,Big South-OVC,fcs,#5A4099,#ffde00,http://a.espncdn.com/i/teamlogos/ncaa/500/2635.png,http://a.espncdn.com/i/teamlogos/ncaa/500-dark/2635.png,@TNTechFootball,NULL,2024-04-23 01:47:54,2024-04-23 01:47:54
215,Texas,Longhorns,TEX,NULL,TEX,Texas,UT,Big 12,fbs,#EE7524,#f0f0f0,http://a.espncdn.com/i/teamlogos/ncaa/500/251.png,http://a.espncdn.com/i/teamlogos/ncaa/500-dark/251.png,@TexasFootball,NULL,2024-04-23 01:47:54,2024-04-23 01:47:54
216,Texas A&M,Aggies,TA&M,NULL,TA&M,Texas A&M,A&M,SEC,fbs,#5C0025,#ffffff,http://a.espncdn.com/i/teamlogos/ncaa/500/245.png,http://a.espncdn.com/i/teamlogos/ncaa/500-dark/245.png,@AggieFootball,NULL,2024-04-23 01:47:54,2024-04-23 01:47:54
217,Texas A&M-Commerce,Lions,TXA,NULL,TXA,TX A&M-Commerce,NULL,Southland,fcs,#000000,NULL,http://a.espncdn.com/i/teamlogos/ncaa/500/2837.png,http://a.espncdn.com/i/teamlogos/ncaa/500-dark/2837.png,NULL,NULL,2024-04-23 01:47:54,2024-04-23 01:47:54
218,Texas Southern,Tigers,TXSO,NULL,TXSO,Texas Southern,NULL,SWAC,fcs,#6A0403,#ebebeb,http://a.espncdn.com/i/teamlogos/ncaa/500/2640.png,http://a.espncdn.com/i/teamlogos/ncaa/500-dark/2640.png,@TSUFootball,NULL,2024-04-23 01:47:54,2024-04-23 01:47:54
219,Texas State,Bobcats,TXST,NULL,TXST,Texas State,NULL,Sun Belt,fbs,#4e1719,#b4975a,http://a.espncdn.com/i/teamlogos/ncaa/500/326.png,http://a.espncdn.com/i/teamlogos/ncaa/500-dark/326.png,@TXStateFootball,NULL,2024-04-23 01:47:54,2024-04-23 01:47:54
220,Texas Tech,Red Raiders,TTU,NULL,TTU,Texas Tech,NULL,Big 12,fbs,#C80025,#231f20,http://a.espncdn.com/i/teamlogos/ncaa/500/2641.png,http://a.espncdn.com/i/teamlogos/ncaa/500-dark/2641.png,@TexasTechFB,NULL,2024-04-23 01:47:54,2024-04-23 01:47:54
221,The Citadel,Bulldogs,CIT,NULL,CIT,The Citadel,NULL,Southern,fcs,#002b5c,#f0f0f0,http://a.espncdn.com/i/teamlogos/ncaa/500/2643.png,http://a.espncdn.com/i/teamlogos/ncaa/500-dark/2643.png,@CitadelFootball,NULL,2024-04-23 01:47:54,2024-04-23 01:47:54
222,Toledo,Rockets,TOL,NULL,TOL,Toledo,NULL,Mid-American,fbs,#15397F,#FFDA00,http://a.espncdn.com/i/teamlogos/ncaa/500/2649.png,http://a.espncdn.com/i/teamlogos/ncaa/500-dark/2649.png,@ToledoFB,NULL,2024-04-23 01:47:54,2024-04-23 01:47:54
223,Towson,Tigers,TOWS,NULL,TOWS,Towson,NULL,CAA,fcs,#FFC229,NULL,http://a.espncdn.com/i/teamlogos/ncaa/500/119.png,http://a.espncdn.com/i/teamlogos/ncaa/500-dark/119.png,@Towson_FB,NULL,2024-04-23 01:47:54,2024-04-23 01:47:54
224,Troy,Trojans,TROY,NULL,TROY,Troy,NULL,Sun Belt,fbs,#AE0210,#88898c,http://a.espncdn.com/i/teamlogos/ncaa/500/2653.png,http://a.espncdn.com/i/teamlogos/ncaa/500-dark/2653.png,@TroyTrojansFB,NULL,2024-04-23 01:47:54,2024-04-23 01:47:54
225,Tulane,Green Wave,TULN,NULL,TULN,Tulane,TUL,American Athletic,fbs,#005837,#3baf29,http://a.espncdn.com/i/teamlogos/ncaa/500/2655.png,http://a.espncdn.com/i/teamlogos/ncaa/500-dark/2655.png,@GreenWaveFB,NULL,2024-04-23 01:47:54,2024-04-23 01:47:54
226,Tulsa,Golden Hurricane,TLSA,NULL,TLSA,Tulsa,NULL,American Athletic,fbs,#004371,#ee3b33,http://a.espncdn.com/i/teamlogos/ncaa/500/202.png,http://a.espncdn.com/i/teamlogos/ncaa/500-dark/202.png,@TulsaFootball,NULL,2024-04-23 01:47:54,2024-04-23 01:47:54
227,UAB,Blazers,UAB,Alabama-Birmingham,UAB,UAB,NULL,American Athletic,fbs,#003b28,#ffc845,http://a.espncdn.com/i/teamlogos/ncaa/500/5.png,http://a.espncdn.com/i/teamlogos/ncaa/500-dark/5.png,@UAB_FB,NULL,2024-04-23 01:47:54,2024-04-23 01:47:54
228,UC Davis,Aggies,UCD,California-Davis,UCD,UC Davis,NULL,Big Sky,fcs,#002855,#c3c4c6,http://a.espncdn.com/i/teamlogos/ncaa/500/302.png,http://a.espncdn.com/i/teamlogos/ncaa/500-dark/302.png,@UCDfootball,NULL,2024-04-23 01:47:54,2024-04-23 01:47:54
229,UCF,Knights,UCF,Central Florida,UCF,UCF,NULL,Big 12,fbs,#000000,#231f20,http://a.espncdn.com/i/teamlogos/ncaa/500/2116.png,http://a.espncdn.com/i/teamlogos/ncaa/500-dark/2116.png,@UCF_Football,NULL,2024-04-23 01:47:54,2024-04-23 01:47:54
230,UCLA,Bruins,UCLA,NULL,UCLA,UCLA,NULL,Pac-12,fbs,#005C8E,#ffc72c,http://a.espncdn.com/i/teamlogos/ncaa/500/26.png,http://a.espncdn.com/i/teamlogos/ncaa/500-dark/26.png,@UCLAFootball,NULL,2024-04-23 01:47:54,2024-04-23 01:47:54
231,UMass,Minutemen,UMASS,NULL,UMASS,UMass,NULL,FBS Independents,fbs,#971B2F,#572932,http://a.espncdn.com/i/teamlogos/ncaa/500/113.png,http://a.espncdn.com/i/teamlogos/ncaa/500-dark/113.png,@UMassFootball,NULL,2024-04-23 01:47:54,2024-04-23 01:47:54
232,UNLV,Rebels,UNLV,Nevada-Las Vegas,UNLV,UNLV,NULL,Mountain West,fbs,#000000,#c2c4c6,http://a.espncdn.com/i/teamlogos/ncaa/500/2439.png,http://a.espncdn.com/i/teamlogos/ncaa/500-dark/2439.png,@UNLVFootball,NULL,2024-04-23 01:47:54,2024-04-23 01:47:54
233,USC,Trojans,USC,NULL,USC,USC,NULL,Pac-12,fbs,#ffc72c,#ae2531,http://a.espncdn.com/i/teamlogos/ncaa/500/30.png,http://a.espncdn.com/i/teamlogos/ncaa/500-dark/30.png,@uscfb,NULL,2024-04-23 01:47:54,2024-04-23 01:47:54
234,Utah,Utes,UTAH,NULL,UTAH,Utah,NULL,Pac-12,fbs,#890012,#7e8083,http://a.espncdn.com/i/teamlogos/ncaa/500/254.png,http://a.espncdn.com/i/teamlogos/ncaa/500-dark/254.png,@Utah_Football,NULL,2024-04-23 01:47:54,2024-04-23 01:47:54
235,Utah State,Aggies,USU,NULL,USU,Utah State,UTST,Mountain West,fbs,#003263,#949ca1,http://a.espncdn.com/i/teamlogos/ncaa/500/328.png,http://a.espncdn.com/i/teamlogos/ncaa/500-dark/328.png,@USUFootball,NULL,2024-04-23 01:47:54,2024-04-23 01:47:54
236,Utah Tech,Trailblazers,UTT,Dixie State,UTECH,Dixie St,UTES,UAC,fcs,#000000,NULL,http://a.espncdn.com/i/teamlogos/ncaa/500/3101.png,http://a.espncdn.com/i/teamlogos/ncaa/500-dark/3101.png,@UtahTechFB,NULL,2024-04-23 01:47:54,2024-04-23 01:47:54
237,UTEP,Miners,UTEP,Texas-El Paso,UTEP,UTEP,NULL,Conference USA,fbs,#ff8200,#041e42,http://a.espncdn.com/i/teamlogos/ncaa/500/2638.png,http://a.espncdn.com/i/teamlogos/ncaa/500-dark/2638.png,@UTEPFB,NULL,2024-04-23 01:47:54,2024-04-23 01:47:54
238,UT Martin,Skyhawks,UTM,Tennessee Martin,UTM,UT Martin,NULL,Big South-OVC,fcs,#FF6700,#102a5c,http://a.espncdn.com/i/teamlogos/ncaa/500/2630.png,http://a.espncdn.com/i/teamlogos/ncaa/500-dark/2630.png,@UTM_FOOTBALL,NULL,2024-04-23 01:47:54,2024-04-23 01:47:54
239,UT San Antonio,Roadrunners,UTSA,Texas-San Antonio,UTSA,UTSA,NULL,American Athletic,fbs,#002A5C,#f47321,http://a.espncdn.com/i/teamlogos/ncaa/500/2636.png,http://a.espncdn.com/i/teamlogos/ncaa/500-dark/2636.png,NULL,NULL,2024-04-23 01:47:54,2024-04-23 01:47:54
240,Valparaiso,Crusaders,VALP,NULL,VALP,Valparaiso,NULL,Pioneer,fcs,#794500,NULL,http://a.espncdn.com/i/teamlogos/ncaa/500/2674.png,http://a.espncdn.com/i/teamlogos/ncaa/500-dark/2674.png,@ValpoUFootball,NULL,2024-04-23 01:47:54,2024-04-23 01:47:54
241,Vanderbilt,Commodores,VAN,NULL,VAN,Vanderbilt,NULL,SEC,fbs,#000000,#231f20,http://a.espncdn.com/i/teamlogos/ncaa/500/238.png,http://a.espncdn.com/i/teamlogos/ncaa/500-dark/238.png,@VandyFootball,NULL,2024-04-23 01:47:54,2024-04-23 01:47:54
242,Villanova,Wildcats,NOVA,NULL,NOVA,Villanova,NULL,CAA,fcs,#123d7C,#f0f0f0,http://a.espncdn.com/i/teamlogos/ncaa/500/222.png,http://a.espncdn.com/i/teamlogos/ncaa/500-dark/222.png,@NovaFootball,NULL,2024-04-23 01:47:54,2024-04-23 01:47:54
243,Virginia,Cavaliers,UVA,NULL,UVA,UVA,NULL,ACC,fbs,#f84c1e,#ffffff,http://a.espncdn.com/i/teamlogos/ncaa/500/258.png,http://a.espncdn.com/i/teamlogos/ncaa/500-dark/258.png,@UVAFootball,NULL,2024-04-23 01:47:54,2024-04-23 01:47:54
244,Virginia Tech,Hokies,VT,NULL,VT,VT,NULL,ACC,fbs,#74232D,#c2c1ba,http://a.espncdn.com/i/teamlogos/ncaa/500/259.png,http://a.espncdn.com/i/teamlogos/ncaa/500-dark/259.png,@VT_Football,NULL,2024-04-23 01:47:54,2024-04-23 01:47:54
245,VMI,Keydets,VMI,Virginia Military Institute,VMI,VMI,NULL,Southern,fcs,#E52D37,#eec52b,http://a.espncdn.com/i/teamlogos/ncaa/500/2678.png,http://a.espncdn.com/i/teamlogos/ncaa/500-dark/2678.png,@VMI_Football,NULL,2024-04-23 01:47:54,2024-04-23 01:47:54
246,Wagner,Seahawks,WAG,NULL,WAG,Wagner,NULL,NEC,fcs,#00483A,#ffffff,http://a.espncdn.com/i/teamlogos/ncaa/500/2681.png,http://a.espncdn.com/i/teamlogos/ncaa/500-dark/2681.png,@Wagner_Football,NULL,2024-04-23 01:47:54,2024-04-23 01:47:54
247,Wake Forest,Demon Deacons,WAKE,NULL,WAKE,Wake Forest,NULL,ACC,fbs,#9E7E38,#000000,http://a.espncdn.com/i/teamlogos/ncaa/500/154.png,http://a.espncdn.com/i/teamlogos/ncaa/500-dark/154.png,@WakeFB,NULL,2024-04-23 01:47:54,2024-04-23 01:47:54
248,Washington,Huskies,WASH,NULL,WASH,Washington,UW,Pac-12,fbs,#2B2F64,#e8e3d3,http://a.espncdn.com/i/teamlogos/ncaa/500/264.png,http://a.espncdn.com/i/teamlogos/ncaa/500-dark/264.png,@UW_Football,NULL,2024-04-23 01:47:54,2024-04-23 01:47:54
249,Washington State,Cougars,WSU,NULL,WSU,Washington St,WAZZU,Pac-12,fbs,#94022a,#6a747c,http://a.espncdn.com/i/teamlogos/ncaa/500/265.png,http://a.espncdn.com/i/teamlogos/ncaa/500-dark/265.png,@WSUCougarFB,NULL,2024-04-23 01:47:54,2024-04-23 01:47:54
250,Weber State,Wildcats,WEB,NULL,WEB,Weber State,NULL,Big Sky,fcs,#18005a,#ebebeb,http://a.espncdn.com/i/teamlogos/ncaa/500/2692.png,http://a.espncdn.com/i/teamlogos/ncaa/500-dark/2692.png,@WeberStateFB,NULL,2024-04-23 01:47:54,2024-04-23 01:47:54
251,Western Carolina,Catamounts,WCU,NULL,WCU,W Carolina,NULL,Southern,fcs,#492F91,#bf9e70,http://a.espncdn.com/i/teamlogos/ncaa/500/2717.png,http://a.espncdn.com/i/teamlogos/ncaa/500-dark/2717.png,@WCU_FB,NULL,2024-04-23 01:47:54,2024-04-23 01:47:54
252,Western Illinois,Leathernecks,WIU,NULL,WIU,W Illinois,NULL,MVFC,fcs,#4e1e8a,#ffc90a,http://a.espncdn.com/i/teamlogos/ncaa/500/2710.png,http://a.espncdn.com/i/teamlogos/ncaa/500-dark/2710.png,@WIUFootball,NULL,2024-04-23 01:47:54,2024-04-23 01:47:54
253,Western Kentucky,Hilltoppers,WKU,NULL,WKU,W Kentucky,NULL,Conference USA,fbs,#F32026,#b3b5b8,http://a.espncdn.com/i/teamlogos/ncaa/500/98.png,http://a.espncdn.com/i/teamlogos/ncaa/500-dark/98.png,@WKUFootball,NULL,2024-04-23 01:47:54,2024-04-23 01:47:54
254,Western Michigan,Broncos,WMU,NULL,WMU,W Michigan,NULL,Mid-American,fbs,#532e1f,#8b7f79,http://a.espncdn.com/i/teamlogos/ncaa/500/2711.png,http://a.espncdn.com/i/teamlogos/ncaa/500-dark/2711.png,@WMU_Football,NULL,2024-04-23 01:47:54,2024-04-23 01:47:54
255,West Virginia,Mountaineers,WVU,NULL,WVU,West Virginia,NULL,Big 12,fbs,#FFC600,#eaaa00,http://a.espncdn.com/i/teamlogos/ncaa/500/277.png,http://a.espncdn.com/i/teamlogos/ncaa/500-dark/277.png,@WVUFootball,NULL,2024-04-23 01:47:54,2024-04-23 01:47:54
256,William & Mary,Tribe,W&M,NULL,W&M,William & Mary,NULL,CAA,fcs,#103217,#f6b220,http://a.espncdn.com/i/teamlogos/ncaa/500/2729.png,http://a.espncdn.com/i/teamlogos/ncaa/500-dark/2729.png,@WMTribeFootball,NULL,2024-04-23 01:47:54,2024-04-23 01:47:54
257,Wisconsin,Badgers,WIS,NULL,WIS,Wisconsin,WISC,Big Ten,fbs,#A00001,#f7f7f7,http://a.espncdn.com/i/teamlogos/ncaa/500/275.png,http://a.espncdn.com/i/teamlogos/ncaa/500-dark/275.png,@BadgerFootball,NULL,2024-04-23 01:47:54,2024-04-23 01:47:54
258,Wofford,Terriers,WOF,NULL,WOF,Wofford,NULL,Southern,fcs,#533B23,#f0f0f0,http://a.espncdn.com/i/teamlogos/ncaa/500/2747.png,http://a.espncdn.com/i/teamlogos/ncaa/500-dark/2747.png,@Wofford_FB,NULL,2024-04-23 01:47:54,2024-04-23 01:47:54
259,Wyoming,Cowboys,WYO,NULL,WYO,Wyoming,NULL,Mountain West,fbs,#533B22,#ffffff,http://a.espncdn.com/i/teamlogos/ncaa/500/2751.png,http://a.espncdn.com/i/teamlogos/ncaa/500-dark/2751.png,@Wyo_Football,NULL,2024-04-23 01:47:54,2024-04-23 01:47:54
260,Yale,Bulldogs,YALE,NULL,YALE,Yale,NULL,Ivy,fcs,#004a81,#286dc0,http://a.espncdn.com/i/teamlogos/ncaa/500/43.png,http://a.espncdn.com/i/teamlogos/ncaa/500-dark/43.png,@Yale_Football,NULL,2024-04-23 01:47:54,2024-04-23 01:47:54
261,Youngstown State,Penguins,YSU,NULL,YSU,Youngstown St,NULL,MVFC,fcs,#E51936,#690717,http://a.espncdn.com/i/teamlogos/ncaa/500/2754.png,http://a.espncdn.com/i/teamlogos/ncaa/500-dark/2754.png,@YoungstownStFB,NULL,2024-04-23 01:47:54,2024-04-23 01:47:54