1,Abilene Christian,UAC,fcs,#4e2683,#ebebeb,NULL,Wildcats,http://a.espncdn.com/i/teamlogos/ncaa/500/2000.png,http://a.espncdn.com/i/teamlogos/ncaa/500-dark/2000.png,@ACUFootball
2,Air Force,Mountain West,fbs,#004a7b,#ffffff,NULL,Falcons,http://a.espncdn.com/i/teamlogos/ncaa/500/2005.png,http://a.espncdn.com/i/teamlogos/ncaa/500-dark/2005.png,@AF_Football
3,Akron,Mid-American,fbs,#00285e,#84754e,NULL,Zips,http://a.espncdn.com/i/teamlogos/ncaa/500/2006.png,http://a.espncdn.com/i/teamlogos/ncaa/500-dark/2006.png,@ZipsFB
4,Alabama,SEC,fbs,#690014,#f1f2f3,NULL,Crimson Tide,http://a.espncdn.com/i/teamlogos/ncaa/500/333.png,http://a.espncdn.com/i/teamlogos/ncaa/500-dark/333.png,@AlabamaFTBL
5,Alabama A&M,SWAC,fcs,#790000,#ffffff,NULL,Bulldogs,http://a.espncdn.com/i/teamlogos/ncaa/500/2010.png,http://a.espncdn.com/i/teamlogos/ncaa/500-dark/2010.png,@AAMUFB
6,Alabama State,SWAC,fcs,#e9a900,#0a0a0a,NULL,Hornets,http://a.espncdn.com/i/teamlogos/ncaa/500/2011.png,http://a.espncdn.com/i/teamlogos/ncaa/500-dark/2011.png,@BamaStateFB
7,Appalachian State,Sun Belt,fbs,#000000,#ffcd00,NULL,Mountaineers,http://a.espncdn.com/i/teamlogos/ncaa/500/2026.png,http://a.espncdn.com/i/teamlogos/ncaa/500-dark/2026.png,@AppState_FB
8,Albany,CAA,fcs,#3D2777,#ffffff,NULL,Great Danes,http://a.espncdn.com/i/teamlogos/ncaa/500/399.png,http://a.espncdn.com/i/teamlogos/ncaa/500-dark/399.png,@UAlbanyFootball
9,Alcorn State,SWAC,fcs,#4b0058,#46166a,NULL,Braves,http://a.espncdn.com/i/teamlogos/ncaa/500/2016.png,http://a.espncdn.com/i/teamlogos/ncaa/500-dark/2016.png,@BravesSports
10,Arizona,Pac-12,fbs,#002449,#00205b,NULL,Wildcats,http://a.espncdn.com/i/teamlogos/ncaa/500/12.png,http://a.espncdn.com/i/teamlogos/ncaa/500-dark/12.png,@ArizonaFBall
11,Arizona State,Pac-12,fbs,#942139,#f1f2f3,NULL,Sun Devils,http://a.espncdn.com/i/teamlogos/ncaa/500/9.png,http://a.espncdn.com/i/teamlogos/ncaa/500-dark/9.png,@ASUFootball
12,Arkansas,SEC,fbs,#9c1831,#000000,NULL,Razorbacks,http://a.espncdn.com/i/teamlogos/ncaa/500/8.png,http://a.espncdn.com/i/teamlogos/ncaa/500-dark/8.png,@RazorbackFB
13,Arkansas-Pine Bluff,SWAC,fcs,#e0aa0f,#eaaa00,NULL,Golden Lions,http://a.espncdn.com/i/teamlogos/ncaa/500/2029.png,http://a.espncdn.com/i/teamlogos/ncaa/500-dark/2029.png,@UAPBLionsRoar
14,Arkansas State,Sun Belt,fbs,#e81018,#000000,NULL,Red Wolves,http://a.espncdn.com/i/teamlogos/ncaa/500/2032.png,http://a.espncdn.com/i/teamlogos/ncaa/500-dark/2032.png,@AStateFB
15,Army,FBS Independents,fbs,#ce9c00,#231f20,NULL,Black Knights,http://a.espncdn.com/i/teamlogos/ncaa/500/349.png,http://a.espncdn.com/i/teamlogos/ncaa/500-dark/349.png,@ArmyWP_Football
16,Auburn,SEC,fbs,#03244d,#f1f2f3,NULL,Tigers,http://a.espncdn.com/i/teamlogos/ncaa/500/2.png,http://a.espncdn.com/i/teamlogos/ncaa/500-dark/2.png,@AuburnFootball
17,Austin Peay,UAC,fcs,#8e0b0b,NULL,NULL,Governors,http://a.espncdn.com/i/teamlogos/ncaa/500/2046.png,http://a.espncdn.com/i/teamlogos/ncaa/500-dark/2046.png,@AustinePeayFB
18,Ball State,Mid-American,fbs,#DA0000,#ffffff,NULL,Cardinals,http://a.espncdn.com/i/teamlogos/ncaa/500/2050.png,http://a.espncdn.com/i/teamlogos/ncaa/500-dark/2050.png,@BallStateFB
19,Baylor,Big 12,fbs,#004834,#ffb81c,NULL,Bears,http://a.espncdn.com/i/teamlogos/ncaa/500/239.png,http://a.espncdn.com/i/teamlogos/ncaa/500-dark/239.png,@BUFootball
20,Bethune-Cookman,SWAC,fcs,#7b1831,#e9aa12,NULL,Wildcats,http://a.espncdn.com/i/teamlogos/ncaa/500/2065.png,http://a.espncdn.com/i/teamlogos/ncaa/500-dark/2065.png,@BCUGridiron
21,Boise State,Mountain West,fbs,#09347A,#d8d9da,NULL,Broncos,http://a.espncdn.com/i/teamlogos/ncaa/500/68.png,http://a.espncdn.com/i/teamlogos/ncaa/500-dark/68.png,@BroncoSportsFB
22,Boston College,ACC,fbs,#88001a,#a39161,NULL,Eagles,http://a.espncdn.com/i/teamlogos/ncaa/500/103.png,http://a.espncdn.com/i/teamlogos/ncaa/500-dark/103.png,@BCFootball
23,Bowling Green,Mid-American,fbs,#FE5000,#4F2C1D,NULL,Falcons,http://a.espncdn.com/i/teamlogos/ncaa/500/189.png,http://a.espncdn.com/i/teamlogos/ncaa/500-dark/189.png,@BG_Football
24,Brown,Ivy,fcs,#411e09,#949300,NULL,Bears,http://a.espncdn.com/i/teamlogos/ncaa/500/225.png,http://a.espncdn.com/i/teamlogos/ncaa/500-dark/225.png,@BrownU_Football
25,Bryant,Big South-OVC,fcs,#000000,#9f8343,NULL,Bulldogs,http://a.espncdn.com/i/teamlogos/ncaa/500/2803.png,http://a.espncdn.com/i/teamlogos/ncaa/500-dark/2803.png,@BryantUFootball
26,Bucknell,Patriot,fcs,#000060,#00316e,NULL,Bison,http://a.espncdn.com/i/teamlogos/ncaa/500/2083.png,http://a.espncdn.com/i/teamlogos/ncaa/500-dark/2083.png,@Bucknell_FB
27,Buffalo,Mid-American,fbs,#041A9B,#ebebeb,NULL,Bulls,http://a.espncdn.com/i/teamlogos/ncaa/500/2084.png,http://a.espncdn.com/i/teamlogos/ncaa/500-dark/2084.png,@UBFootball
28,Butler,Pioneer,fcs,#0d1361,#00a3e0,NULL,Bulldogs,http://a.espncdn.com/i/teamlogos/ncaa/500/2086.png,http://a.espncdn.com/i/teamlogos/ncaa/500-dark/2086.png,@ButlerUFootball
29,BYU,Big 12,fbs,#001E4C,#ffffff,NULL,Cougars,http://a.espncdn.com/i/teamlogos/ncaa/500/252.png,http://a.espncdn.com/i/teamlogos/ncaa/500-dark/252.png,@BYUFootball
30,California,Pac-12,fbs,#031522,#ffc423,NULL,Golden Bears,http://a.espncdn.com/i/teamlogos/ncaa/500/25.png,http://a.espncdn.com/i/teamlogos/ncaa/500-dark/25.png,@CalFootball
31,Cal Poly,Big Sky,fcs,#1E4D2B,#eed897,NULL,Mustangs,http://a.espncdn.com/i/teamlogos/ncaa/500/13.png,http://a.espncdn.com/i/teamlogos/ncaa/500-dark/13.png,@CalPolyFootball
32,Campbell,CAA,fcs,#000000,NULL,NULL,Camels,http://a.espncdn.com/i/teamlogos/ncaa/500/2097.png,http://a.espncdn.com/i/teamlogos/ncaa/500-dark/2097.png,@GoCamelsFB
33,Central Arkansas,UAC,fcs,#a7a9ac,#8e959a,NULL,Bears,http://a.espncdn.com/i/teamlogos/ncaa/500/2110.png,http://a.espncdn.com/i/teamlogos/ncaa/500-dark/2110.png,@UCA_Football
34,Central Connecticut,NEC,fcs,#1B49A2,#d1d5d8,NULL,Blue Devils,http://a.espncdn.com/i/teamlogos/ncaa/500/2115.png,http://a.espncdn.com/i/teamlogos/ncaa/500-dark/2115.png,@CCSUfootball
35,Central Michigan,Mid-American,fbs,#6a0032,#ffffff,NULL,Chippewas,http://a.espncdn.com/i/teamlogos/ncaa/500/2117.png,http://a.espncdn.com/i/teamlogos/ncaa/500-dark/2117.png,@CMU_Football
36,Charleston Southern,Big South-OVC,fcs,#2e3192,#ded090,NULL,Buccaneers,http://a.espncdn.com/i/teamlogos/ncaa/500/2127.png,http://a.espncdn.com/i/teamlogos/ncaa/500-dark/2127.png,@CSUFB
37,Charlotte,American Athletic,fbs,#ffffff,#cfab7a,NULL,49ers,http://a.espncdn.com/i/teamlogos/ncaa/500/2429.png,http://a.espncdn.com/i/teamlogos/ncaa/500-dark/2429.png,@CharlotteFTBL
38,Chattanooga,Southern,fcs,#00386b,#dca71d,NULL,Mocs,http://a.espncdn.com/i/teamlogos/ncaa/500/236.png,http://a.espncdn.com/i/teamlogos/ncaa/500-dark/236.png,@GoMocsFB
39,Cincinnati,Big 12,fbs,#000000,#717073,NULL,Bearcats,http://a.espncdn.com/i/teamlogos/ncaa/500/2132.png,http://a.espncdn.com/i/teamlogos/ncaa/500-dark/2132.png,@GoBearcatsFB
40,Clemson,ACC,fbs,#F66733,#522d80,NULL,Tigers,http://a.espncdn.com/i/teamlogos/ncaa/500/228.png,http://a.espncdn.com/i/teamlogos/ncaa/500-dark/228.png,@ClemsonFB
41,Coastal Carolina,Sun Belt,fbs,#007073,#876447,NULL,Chanticleers,http://a.espncdn.com/i/teamlogos/ncaa/500/324.png,http://a.espncdn.com/i/teamlogos/ncaa/500-dark/324.png,@CoastalFootball
42,Colgate,Patriot,fcs,#8B011D,#231f20,NULL,Raiders,http://a.espncdn.com/i/teamlogos/ncaa/500/2142.png,http://a.espncdn.com/i/teamlogos/ncaa/500-dark/2142.png,@ColgateFB
43,Colorado,Pac-12,fbs,#d1c57e,#ffd200,NULL,Buffaloes,http://a.espncdn.com/i/teamlogos/ncaa/500/38.png,http://a.espncdn.com/i/teamlogos/ncaa/500-dark/38.png,@CUBuffsFootball
44,Colorado State,Mountain West,fbs,#004537,#ffc425,NULL,Rams,http://a.espncdn.com/i/teamlogos/ncaa/500/36.png,http://a.espncdn.com/i/teamlogos/ncaa/500-dark/36.png,@CSUFootball
45,Columbia,Ivy,fcs,#174785,#004b85,NULL,Lions,http://a.espncdn.com/i/teamlogos/ncaa/500/171.png,http://a.espncdn.com/i/teamlogos/ncaa/500-dark/171.png,@ColumbiaLionsFB
46,Connecticut,FBS Independents,fbs,#001d40,#f1f2f3,NULL,Huskies,http://a.espncdn.com/i/teamlogos/ncaa/500/41.png,http://a.espncdn.com/i/teamlogos/ncaa/500-dark/41.png,@UConnFootball
47,Cornell,Ivy,fcs,#d60027,#101010,NULL,Big Red,http://a.espncdn.com/i/teamlogos/ncaa/500/172.png,http://a.espncdn.com/i/teamlogos/ncaa/500-dark/172.png,@BigRed_Football
48,Dartmouth,Ivy,fcs,#005730,#000000,NULL,Big Green,http://a.espncdn.com/i/teamlogos/ncaa/500/159.png,http://a.espncdn.com/i/teamlogos/ncaa/500-dark/159.png,@DartFootball
49,Davidson,Pioneer,fcs,#000000,#e51837,NULL,Wildcats,http://a.espncdn.com/i/teamlogos/ncaa/500/2166.png,http://a.espncdn.com/i/teamlogos/ncaa/500-dark/2166.png,@DavidsonFB
50,Dayton,Pioneer,fcs,#004B8D,#ffffff,NULL,Flyers,http://a.espncdn.com/i/teamlogos/ncaa/500/2168.png,http://a.espncdn.com/i/teamlogos/ncaa/500-dark/2168.png,@DaytonFootball
51,Delaware,CAA,fcs,#033594,#e8ce31,NULL,Blue Hens,http://a.espncdn.com/i/teamlogos/ncaa/500/48.png,http://a.espncdn.com/i/teamlogos/ncaa/500-dark/48.png,@DelawareFB
52,Delaware State,MEAC,fcs,#FF3630,#009cdd,NULL,Hornets,http://a.espncdn.com/i/teamlogos/ncaa/500/2169.png,http://a.espncdn.com/i/teamlogos/ncaa/500-dark/2169.png,@DelSt_Football
53,Drake,Pioneer,fcs,#004477,#c0c0c0,NULL,Bulldogs,http://a.espncdn.com/i/teamlogos/ncaa/500/2181.png,http://a.espncdn.com/i/teamlogos/ncaa/500-dark/2181.png,@DrakeBulldogsFB
54,Duke,ACC,fbs,#001A57,#f1f2f3,NULL,Blue Devils,http://a.espncdn.com/i/teamlogos/ncaa/500/150.png,http://a.espncdn.com/i/teamlogos/ncaa/500-dark/150.png,@DukeFootball
55,Duquesne,NEC,fcs,#002D62,#b90b2e,NULL,Dukes,http://a.espncdn.com/i/teamlogos/ncaa/500/2184.png,http://a.espncdn.com/i/teamlogos/ncaa/500-dark/2184.png,@DuqFB
56,East Carolina,American Athletic,fbs,#4b1869,#f0907b,NULL,Pirates,http://a.espncdn.com/i/teamlogos/ncaa/500/151.png,http://a.espncdn.com/i/teamlogos/ncaa/500-dark/151.png,@ECUPiratesFB
57,Eastern Illinois,Big South-OVC,fcs,#000000,#bebab9,NULL,Panthers,http://a.espncdn.com/i/teamlogos/ncaa/500/2197.png,http://a.espncdn.com/i/teamlogos/ncaa/500-dark/2197.png,@EIUPantherFB
58,Eastern Kentucky,UAC,fcs,#660819,#f0f0f0,NULL,Colonels,http://a.espncdn.com/i/teamlogos/ncaa/500/2198.png,http://a.espncdn.com/i/teamlogos/ncaa/500-dark/2198.png,@EKUFootball
59,Eastern Michigan,Mid-American,fbs,#00331b,#f0f0f0,NULL,Eagles,http://a.espncdn.com/i/teamlogos/ncaa/500/2199.png,http://a.espncdn.com/i/teamlogos/ncaa/500-dark/2199.png,@EMUFB
60,Eastern Washington,Big Sky,fcs,#a10022,#abb4bc,NULL,Eagles,http://a.espncdn.com/i/teamlogos/ncaa/500/331.png,http://a.espncdn.com/i/teamlogos/ncaa/500-dark/331.png,@EWUFootball
61,East Tennessee State,Southern,fcs,#002d61,#ffc423,NULL,Buccaneers,http://a.espncdn.com/i/teamlogos/ncaa/500/2193.png,http://a.espncdn.com/i/teamlogos/ncaa/500-dark/2193.png,@ETSUFootball
62,Elon,CAA,fcs,#020303,#b59a57,NULL,Phoenix,http://a.espncdn.com/i/teamlogos/ncaa/500/2210.png,http://a.espncdn.com/i/teamlogos/ncaa/500-dark/2210.png,@ElonFootball
63,Florida,SEC,fbs,#0021A5,#0021a5,NULL,Gators,http://a.espncdn.com/i/teamlogos/ncaa/500/57.png,http://a.espncdn.com/i/teamlogos/ncaa/500-dark/57.png,@GatorsFB
64,Florida A&M,SWAC,fcs,#F89728,#00843d,NULL,Rattlers,http://a.espncdn.com/i/teamlogos/ncaa/500/50.png,http://a.espncdn.com/i/teamlogos/ncaa/500-dark/50.png,@FAMUAthletics
65,Florida Atlantic,American Athletic,fbs,#004B85,#bb2f4c,NULL,Owls,http://a.espncdn.com/i/teamlogos/ncaa/500/2226.png,http://a.espncdn.com/i/teamlogos/ncaa/500-dark/2226.png,@FAUFootball
66,Florida International,Conference USA,fbs,#001538,#c5960c,NULL,Golden Panthers,http://a.espncdn.com/i/teamlogos/ncaa/500/2229.png,http://a.espncdn.com/i/teamlogos/ncaa/500-dark/2229.png,@FIUFootball
67,Florida State,ACC,fbs,#782F40,#ceb888,NULL,Seminoles,http://a.espncdn.com/i/teamlogos/ncaa/500/52.png,http://a.espncdn.com/i/teamlogos/ncaa/500-dark/52.png,@FSUFootball
68,Fordham,Patriot,fcs,#830032,#909090,NULL,Rams,http://a.espncdn.com/i/teamlogos/ncaa/500/2230.png,http://a.espncdn.com/i/teamlogos/ncaa/500-dark/2230.png,@FordhamFootball
69,Fresno State,Mountain West,fbs,#c41230,#231f20,NULL,Bulldogs,http://a.espncdn.com/i/teamlogos/ncaa/500/278.png,http://a.espncdn.com/i/teamlogos/ncaa/500-dark/278.png,@FresnoStateFB
70,Furman,Southern,fcs,#4A2184,#909090,NULL,Paladins,http://a.espncdn.com/i/teamlogos/ncaa/500/231.png,http://a.espncdn.com/i/teamlogos/ncaa/500-dark/231.png,@PaladinFootball
71,Gardner-Webb,Big South-OVC,fcs,#c12535,#909090,NULL,Bulldogs,http://a.espncdn.com/i/teamlogos/ncaa/500/2241.png,http://a.espncdn.com/i/teamlogos/ncaa/500-dark/2241.png,@GWUFootball
72,Georgetown,Patriot,fcs,#110E42,#001c58,NULL,Hoyas,http://a.espncdn.com/i/teamlogos/ncaa/500/46.png,http://a.espncdn.com/i/teamlogos/ncaa/500-dark/46.png,@HoyasFB
73,Georgia,SEC,fbs,#CC0000,#000000,NULL,Bulldogs,http://a.espncdn.com/i/teamlogos/ncaa/500/61.png,http://a.espncdn.com/i/teamlogos/ncaa/500-dark/61.png,@GeorgiaFootball
74,Georgia Southern,Sun Belt,fbs,#003775,#f0f0f0,NULL,Eagles,http://a.espncdn.com/i/teamlogos/ncaa/500/290.png,http://a.espncdn.com/i/teamlogos/ncaa/500-dark/290.png,@GSAthletics_FB
75,Georgia State,Sun Belt,fbs,#1e539a,#ebebeb,NULL,Panthers,http://a.espncdn.com/i/teamlogos/ncaa/500/2247.png,http://a.espncdn.com/i/teamlogos/ncaa/500-dark/2247.png,@GeorgiaStateFB
76,Georgia Tech,ACC,fbs,#00223e,#002c56,NULL,Yellow Jackets,http://a.espncdn.com/i/teamlogos/ncaa/500/59.png,http://a.espncdn.com/i/teamlogos/ncaa/500-dark/59.png,@GeorgiaTechFB
77,Grambling,SWAC,fcs,#ee8601,#ffd10a,NULL,Tigers,http://a.espncdn.com/i/teamlogos/ncaa/500/2755.png,http://a.espncdn.com/i/teamlogos/ncaa/500-dark/2755.png,@GSU_Tigers
78,Hampton,CAA,fcs,#0067AC,NULL,NULL,Pirates,http://a.espncdn.com/i/teamlogos/ncaa/500/2261.png,http://a.espncdn.com/i/teamlogos/ncaa/500-dark/2261.png,@Hampton_FB
79,Harvard,Ivy,fcs,#990000,#dbdbdb,NULL,Crimson,http://a.espncdn.com/i/teamlogos/ncaa/500/108.png,http://a.espncdn.com/i/teamlogos/ncaa/500-dark/108.png,@HarvardFootball
80,Hawai'i,Mountain West,fbs,#003420,#ffffff,NULL,Rainbow Warriors,http://a.espncdn.com/i/teamlogos/ncaa/500/62.png,http://a.espncdn.com/i/teamlogos/ncaa/500-dark/62.png,@HawaiiFootball
81,Holy Cross,Patriot,fcs,#0a0a0a,#080808,NULL,Crusaders,http://a.espncdn.com/i/teamlogos/ncaa/500/107.png,http://a.espncdn.com/i/teamlogos/ncaa/500-dark/107.png,@HCrossFB
82,Houston,Big 12,fbs,#C90822,#231f20,NULL,Cougars,http://a.espncdn.com/i/teamlogos/ncaa/500/248.png,http://a.espncdn.com/i/teamlogos/ncaa/500-dark/248.png,@UHCougarFB
83,Houston Christian,Southland,fcs,#00539c,NULL,NULL,Huskies,http://a.espncdn.com/i/teamlogos/ncaa/500/2277.png,http://a.espncdn.com/i/teamlogos/ncaa/500-dark/2277.png,@HCUFootball
84,Howard,MEAC,fcs,#9e0b0e,#6b818d,NULL,Bison,http://a.espncdn.com/i/teamlogos/ncaa/500/47.png,http://a.espncdn.com/i/teamlogos/ncaa/500-dark/47.png,@HUBisonFootball
85,Idaho,Big Sky,fcs,#000000,#8c6e4a,NULL,Vandals,http://a.espncdn.com/i/teamlogos/ncaa/500/70.png,http://a.espncdn.com/i/teamlogos/ncaa/500-dark/70.png,@VandalFootball
86,Idaho State,Big Sky,fcs,#ef8c00,#e9a126,NULL,Bengals,http://a.espncdn.com/i/teamlogos/ncaa/500/304.png,http://a.espncdn.com/i/teamlogos/ncaa/500-dark/304.png,@IdahoStateFB
87,Illinois,Big Ten,fbs,#13294B,#E84A27,NULL,Fighting Illini,http://a.espncdn.com/i/teamlogos/ncaa/500/356.png,http://a.espncdn.com/i/teamlogos/ncaa/500-dark/356.png,@IlliniFootball
88,Illinois State,MVFC,fcs,#CE1126,#ffe716,NULL,Redbirds,http://a.espncdn.com/i/teamlogos/ncaa/500/2287.png,http://a.espncdn.com/i/teamlogos/ncaa/500-dark/2287.png,@RedbirdFB
89,Incarnate Word,Southland,fcs,#000000,#080808,NULL,Cardinals,http://a.espncdn.com/i/teamlogos/ncaa/500/2916.png,http://a.espncdn.com/i/teamlogos/ncaa/500-dark/2916.png,@UIWFootball
90,Indiana,Big Ten,fbs,#7D110C,#eeedeb,NULL,Hoosiers,http://a.espncdn.com/i/teamlogos/ncaa/500/84.png,http://a.espncdn.com/i/teamlogos/ncaa/500-dark/84.png,@IndianaFootball
91,Indiana State,MVFC,fcs,#00669a,#f0f0f0,NULL,Sycamores,http://a.espncdn.com/i/teamlogos/ncaa/500/282.png,http://a.espncdn.com/i/teamlogos/ncaa/500-dark/282.png,@IndianaStateFB
92,Iowa,Big Ten,fbs,#000000,#ffe100,NULL,Hawkeyes,http://a.espncdn.com/i/teamlogos/ncaa/500/2294.png,http://a.espncdn.com/i/teamlogos/ncaa/500-dark/2294.png,@HawkeyeFootball
93,Iowa State,Big 12,fbs,#660015,#FDCA2F,NULL,Cyclones,http://a.espncdn.com/i/teamlogos/ncaa/500/66.png,http://a.espncdn.com/i/teamlogos/ncaa/500-dark/66.png,@CycloneFB
94,Jackson State,SWAC,fcs,#123297,#b5b7ba,NULL,Tigers,http://a.espncdn.com/i/teamlogos/ncaa/500/2296.png,http://a.espncdn.com/i/teamlogos/ncaa/500-dark/2296.png,@GoJSUTigersFB
95,Jacksonville State,Conference USA,fbs,#b50500,#b5b7ba,NULL,Gamecocks,http://a.espncdn.com/i/teamlogos/ncaa/500/55.png,http://a.espncdn.com/i/teamlogos/ncaa/500-dark/55.png,@JSUGamecocksFB
96,James Madison,Sun Belt,fbs,#450084,#cbb778,NULL,Dukes,http://a.espncdn.com/i/teamlogos/ncaa/500/256.png,http://a.espncdn.com/i/teamlogos/ncaa/500-dark/256.png,@JMUFootball
97,Kansas,Big 12,fbs,#0022B4,#e8000d,NULL,Jayhawks,http://a.espncdn.com/i/teamlogos/ncaa/500/2305.png,http://a.espncdn.com/i/teamlogos/ncaa/500-dark/2305.png,@KU_Football
98,Kansas State,Big 12,fbs,#633194,#e7d2ad,NULL,Wildcats,http://a.espncdn.com/i/teamlogos/ncaa/500/2306.png,http://a.espncdn.com/i/teamlogos/ncaa/500-dark/2306.png,@KStateFB
99,Kennesaw State,FCS Independents,fcs,#000000,#fdbb30,NULL,Owls,http://a.espncdn.com/i/teamlogos/ncaa/500/338.png,http://a.espncdn.com/i/teamlogos/ncaa/500-dark/338.png,@KennesawStFB
100,Kent State,Mid-American,fbs,#002445,#f0b510,NULL,Golden Flashes,http://a.espncdn.com/i/teamlogos/ncaa/500/2309.png,http://a.espncdn.com/i/teamlogos/ncaa/500-dark/2309.png,@KentStFootball
101,Kentucky,SEC,fbs,#005DAA,#ffffff,NULL,Wildcats,http://a.espncdn.com/i/teamlogos/ncaa/500/96.png,http://a.espncdn.com/i/teamlogos/ncaa/500-dark/96.png,@UKFootball
102,Lafayette,Patriot,fcs,#790000,#a59474,NULL,Leopards,http://a.espncdn.com/i/teamlogos/ncaa/500/322.png,http://a.espncdn.com/i/teamlogos/ncaa/500-dark/322.png,@LafColFootball
103,Lamar,Southland,fcs,#000000,#ebebeb,NULL,Cardinals,http://a.espncdn.com/i/teamlogos/ncaa/500/2320.png,http://a.espncdn.com/i/teamlogos/ncaa/500-dark/2320.png,@LamarFootball
104,Lehigh,Patriot,fcs,#6c2b2a,#b69e70,NULL,Mountain Hawks,http://a.espncdn.com/i/teamlogos/ncaa/500/2329.png,http://a.espncdn.com/i/teamlogos/ncaa/500-dark/2329.png,@LehighFootball
105,Liberty,Conference USA,fbs,#071740,#a61f21,NULL,Flames,http://a.espncdn.com/i/teamlogos/ncaa/500/2335.png,http://a.espncdn.com/i/teamlogos/ncaa/500-dark/2335.png,@LibertyFootball
106,Lindenwood,Big South-OVC,fcs,#000000,NULL,NULL,Lions,http://a.espncdn.com/i/teamlogos/ncaa/500/2815.png,http://a.espncdn.com/i/teamlogos/ncaa/500-dark/2815.png,@LindenwoodFB
107,Long Island University,NEC,fcs,#69B3E7,#FFC72C,NULL,Sharks,https://a.espncdn.com/i/teamlogos/ncaa/500/112358.png,NULL,NULL
108,Louisiana,Sun Belt,fbs,#ce2842,NULL,NULL,Ragin' Cajuns,http://a.espncdn.com/i/teamlogos/ncaa/500/309.png,http://a.espncdn.com/i/teamlogos/ncaa/500-dark/309.png,@RaginCajunsFB
109,Louisiana Monroe,Sun Belt,fbs,#231F20,#b18445,NULL,Warhawks,http://a.espncdn.com/i/teamlogos/ncaa/500/2433.png,http://a.espncdn.com/i/teamlogos/ncaa/500-dark/2433.png,@ULM_FB
110,Louisiana Tech,Conference USA,fbs,#002d65,#d3313a,NULL,Bulldogs,http://a.espncdn.com/i/teamlogos/ncaa/500/2348.png,http://a.espncdn.com/i/teamlogos/ncaa/500-dark/2348.png,@LATechFB
111,Louisville,ACC,fbs,#ad000a,#cccccc,NULL,Cardinals,http://a.espncdn.com/i/teamlogos/ncaa/500/97.png,http://a.espncdn.com/i/teamlogos/ncaa/500-dark/97.png,@LouisvilleFB
112,LSU,SEC,fbs,#fdd023,#2b0d57,NULL,Tigers,http://a.espncdn.com/i/teamlogos/ncaa/500/99.png,http://a.espncdn.com/i/teamlogos/ncaa/500-dark/99.png,@LSUFootball
113,Maine,CAA,fcs,#127dbe,NULL,NULL,Black Bears,http://a.espncdn.com/i/teamlogos/ncaa/500/311.png,http://a.espncdn.com/i/teamlogos/ncaa/500-dark/311.png,@BlackBearsFB
114,Marist,Pioneer,fcs,#e53730,#f0f0f0,NULL,Red Foxes,http://a.espncdn.com/i/teamlogos/ncaa/500/2368.png,http://a.espncdn.com/i/teamlogos/ncaa/500-dark/2368.png,@Marist_Football
115,Marshall,Sun Belt,fbs,#00ae42,#be854c,NULL,Thundering Herd,http://a.espncdn.com/i/teamlogos/ncaa/500/276.png,http://a.espncdn.com/i/teamlogos/ncaa/500-dark/276.png,@HerdFB
116,Maryland,Big Ten,fbs,#D5002B,#ffcd00,NULL,Terrapins,http://a.espncdn.com/i/teamlogos/ncaa/500/120.png,http://a.espncdn.com/i/teamlogos/ncaa/500-dark/120.png,@TerpsFootball
117,McNeese,Southland,fcs,#00529C,NULL,NULL,Cowboys,http://a.espncdn.com/i/teamlogos/ncaa/500/2377.png,http://a.espncdn.com/i/teamlogos/ncaa/500-dark/2377.png,@McNeeseFootball
118,Memphis,American Athletic,fbs,#003087,#898d8d,NULL,Tigers,http://a.espncdn.com/i/teamlogos/ncaa/500/235.png,http://a.espncdn.com/i/teamlogos/ncaa/500-dark/235.png,@MemphisFB
119,Mercer,Southern,fcs,#ff7f29,#080808,NULL,Bears,http://a.espncdn.com/i/teamlogos/ncaa/500/2382.png,http://a.espncdn.com/i/teamlogos/ncaa/500-dark/2382.png,@MercerFootball
120,Merrimack,NEC,fcs,#000000,NULL,NULL,Warriors,http://a.espncdn.com/i/teamlogos/ncaa/500/2771.png,http://a.espncdn.com/i/teamlogos/ncaa/500-dark/2771.png,@MerrimackFB
121,Miami,ACC,fbs,#004325,#f0f0f0,NULL,Hurricanes,http://a.espncdn.com/i/teamlogos/ncaa/500/2390.png,http://a.espncdn.com/i/teamlogos/ncaa/500-dark/2390.png,@CanesFootball
122,Miami (OH),Mid-American,fbs,#a4000c,#f0f0f0,NULL,RedHawks,http://a.espncdn.com/i/teamlogos/ncaa/500/193.png,http://a.espncdn.com/i/teamlogos/ncaa/500-dark/193.png,@MiamiOHFootball
123,Michigan,Big Ten,fbs,#00274c,#FFCB05,NULL,Wolverines,http://a.espncdn.com/i/teamlogos/ncaa/500/130.png,http://a.espncdn.com/i/teamlogos/ncaa/500-dark/130.png,@UMichFootball
124,Michigan State,Big Ten,fbs,#18453B,#ffffff,NULL,Spartans,http://a.espncdn.com/i/teamlogos/ncaa/500/127.png,http://a.espncdn.com/i/teamlogos/ncaa/500-dark/127.png,@MSU_Football
125,Middle Tennessee,Conference USA,fbs,#0079C2,#c3c5c8,NULL,Blue Raiders,http://a.espncdn.com/i/teamlogos/ncaa/500/2393.png,http://a.espncdn.com/i/teamlogos/ncaa/500-dark/2393.png,@MT_FB
126,Minnesota,Big Ten,fbs,#7A0019,#FFCC33,NULL,Golden Gophers,http://a.espncdn.com/i/teamlogos/ncaa/500/135.png,http://a.espncdn.com/i/teamlogos/ncaa/500-dark/135.png,@GopherFootball
127,Mississippi State,SEC,fbs,#762123,#c8c8c8,NULL,Bulldogs,http://a.espncdn.com/i/teamlogos/ncaa/500/344.png,http://a.espncdn.com/i/teamlogos/ncaa/500-dark/344.png,@HailStateFB
128,Mississippi Valley State,SWAC,fcs,#005328,#cf2d34,NULL,Delta Devils,http://a.espncdn.com/i/teamlogos/ncaa/500/2400.png,http://a.espncdn.com/i/teamlogos/ncaa/500-dark/2400.png,@MSValleyFB
129,Missouri,SEC,fbs,#000000,#000000,NULL,Tigers,http://a.espncdn.com/i/teamlogos/ncaa/500/142.png,http://a.espncdn.com/i/teamlogos/ncaa/500-dark/142.png,@MizzouFootball
130,Missouri State,MVFC,fcs,#5F0000,#e8e8e8,NULL,Bears,http://a.espncdn.com/i/teamlogos/ncaa/500/2623.png,http://a.espncdn.com/i/teamlogos/ncaa/500-dark/2623.png,@MOStateFootball
131,Monmouth,CAA,fcs,#051844,NULL,NULL,Hawks,http://a.espncdn.com/i/teamlogos/ncaa/500/2405.png,http://a.espncdn.com/i/teamlogos/ncaa/500-dark/2405.png,@MUHawksFB
132,Montana,Big Sky,fcs,#751D4A,#666666,NULL,Grizzlies,http://a.espncdn.com/i/teamlogos/ncaa/500/149.png,http://a.espncdn.com/i/teamlogos/ncaa/500-dark/149.png,@MontanaGrizFB
133,Montana State,Big Sky,fcs,#003875,#bf965c,NULL,Bobcats,http://a.espncdn.com/i/teamlogos/ncaa/500/147.png,http://a.espncdn.com/i/teamlogos/ncaa/500-dark/147.png,@MSUBobcatsFB
134,Morehead State,Pioneer,fcs,#094FA3,#fed91a,NULL,Eagles,http://a.espncdn.com/i/teamlogos/ncaa/500/2413.png,http://a.espncdn.com/i/teamlogos/ncaa/500-dark/2413.png,@MSUEaglesFB
135,Morgan State,MEAC,fcs,#014786,#f47937,NULL,Bears,http://a.espncdn.com/i/teamlogos/ncaa/500/2415.png,http://a.espncdn.com/i/teamlogos/ncaa/500-dark/2415.png,@MorganStateFB
136,Murray State,MVFC,fcs,#002148,#000e00,NULL,Racers,http://a.espncdn.com/i/teamlogos/ncaa/500/93.png,http://a.espncdn.com/i/teamlogos/ncaa/500-dark/93.png,@RacersFootball
137,Navy,American Athletic,fbs,#131630,#b6a77c,NULL,Midshipmen,http://a.espncdn.com/i/teamlogos/ncaa/500/2426.png,http://a.espncdn.com/i/teamlogos/ncaa/500-dark/2426.png,@NavyFB
138,NC State,ACC,fbs,#EF1216,#231f20,NULL,Wolfpack,http://a.espncdn.com/i/teamlogos/ncaa/500/152.png,http://a.espncdn.com/i/teamlogos/ncaa/500-dark/152.png,@PackFootball
139,Nebraska,Big Ten,fbs,#F20017,#f5f1e7,NULL,Cornhuskers,http://a.espncdn.com/i/teamlogos/ncaa/500/158.png,http://a.espncdn.com/i/teamlogos/ncaa/500-dark/158.png,@HuskerFBNation
140,Nevada,Mountain West,fbs,#153E5F,#8e9295,NULL,Wolf Pack,http://a.espncdn.com/i/teamlogos/ncaa/500/2440.png,http://a.espncdn.com/i/teamlogos/ncaa/500-dark/2440.png,@NevadaFootball
141,New Hampshire,CAA,fcs,#004990,#c3c4c6,NULL,Wildcats,http://a.espncdn.com/i/teamlogos/ncaa/500/160.png,http://a.espncdn.com/i/teamlogos/ncaa/500-dark/160.png,@UNH_Football
142,New Mexico,Mountain West,fbs,#000000,#231f20,NULL,Lobos,http://a.espncdn.com/i/teamlogos/ncaa/500/167.png,http://a.espncdn.com/i/teamlogos/ncaa/500-dark/167.png,@UNMLoboFB
143,New Mexico State,Conference USA,fbs,#891216,#000000,NULL,Aggies,http://a.espncdn.com/i/teamlogos/ncaa/500/166.png,http://a.espncdn.com/i/teamlogos/ncaa/500-dark/166.png,@NMStateFootball
144,Nicholls,Southland,fcs,#C41230,#f0f0f0,NULL,Colonels,http://a.espncdn.com/i/teamlogos/ncaa/500/2447.png,http://a.espncdn.com/i/teamlogos/ncaa/500-dark/2447.png,@Nicholls_FB
145,Norfolk State,MEAC,fcs,#046546,NULL,NULL,Spartans,http://a.espncdn.com/i/teamlogos/ncaa/500/2450.png,http://a.espncdn.com/i/teamlogos/ncaa/500-dark/2450.png,@NSU_FB
146,North Alabama,UAC,fcs,#000000,NULL,NULL,Lions,http://a.espncdn.com/i/teamlogos/ncaa/500/2453.png,http://a.espncdn.com/i/teamlogos/ncaa/500-dark/2453.png,@UNAFootball
147,North Carolina,ACC,fbs,#99bfe5,#13294b,NULL,Tar Heels,http://a.espncdn.com/i/teamlogos/ncaa/500/153.png,http://a.espncdn.com/i/teamlogos/ncaa/500-dark/153.png,@UNCFootball
148,North Carolina A&T,CAA,fcs,#0505aa,#004684,NULL,Aggies,http://a.espncdn.com/i/teamlogos/ncaa/500/2448.png,http://a.espncdn.com/i/teamlogos/ncaa/500-dark/2448.png,@Football_NCAT
149,North Carolina Central,MEAC,fcs,#880023,#c2c3c0,NULL,Eagles,http://a.espncdn.com/i/teamlogos/ncaa/500/2428.png,http://a.espncdn.com/i/teamlogos/ncaa/500-dark/2428.png,@NCCU_Football
150,North Dakota,MVFC,fcs,#00A26B,#c2c3c0,NULL,Fighting Hawks,http://a.espncdn.com/i/teamlogos/ncaa/500/155.png,http://a.espncdn.com/i/teamlogos/ncaa/500-dark/155.png,@UNDFootball
151,North Dakota State,MVFC,fcs,#01402A,#ffffff,NULL,Bison,http://a.espncdn.com/i/teamlogos/ncaa/500/2449.png,http://a.espncdn.com/i/teamlogos/ncaa/500-dark/2449.png,@NDSUFootball
152,Northern Arizona,Big Sky,fcs,#003976,#1b3069,NULL,Lumberjacks,http://a.espncdn.com/i/teamlogos/ncaa/500/2464.png,http://a.espncdn.com/i/teamlogos/ncaa/500-dark/2464.png,@NAU_Football
153,Northern Colorado,Big Sky,fcs,#13558D,#ffc533,NULL,Bears,http://a.espncdn.com/i/teamlogos/ncaa/500/2458.png,http://a.espncdn.com/i/teamlogos/ncaa/500-dark/2458.png,@UNCBearsFB
154,Northern Illinois,Mid-American,fbs,#F1122C,#cc0000,NULL,Huskies,http://a.espncdn.com/i/teamlogos/ncaa/500/2459.png,http://a.espncdn.com/i/teamlogos/ncaa/500-dark/2459.png,@NIU_Football
155,Northern Iowa,MVFC,fcs,#473282,#ffffff,NULL,Panthers,http://a.espncdn.com/i/teamlogos/ncaa/500/2460.png,http://a.espncdn.com/i/teamlogos/ncaa/500-dark/2460.png,@UNIFootball
156,North Texas,American Athletic,fbs,#00853D,#000000,NULL,Mean Green,http://a.espncdn.com/i/teamlogos/ncaa/500/249.png,http://a.espncdn.com/i/teamlogos/ncaa/500-dark/249.png,@MeanGreenFB
157,Northwestern,Big Ten,fbs,#372286,#d6cac1,NULL,Wildcats,http://a.espncdn.com/i/teamlogos/ncaa/500/77.png,http://a.espncdn.com/i/teamlogos/ncaa/500-dark/77.png,@NUFBFamily
158,Northwestern State,Southland,fcs,#492F91,#ed6118,NULL,Demons,http://a.espncdn.com/i/teamlogos/ncaa/500/2466.png,http://a.espncdn.com/i/teamlogos/ncaa/500-dark/2466.png,@NSUDemonsFB
159,Notre Dame,FBS Independents,fbs,#00122b,#ae9142,NULL,Fighting Irish,http://a.espncdn.com/i/teamlogos/ncaa/500/87.png,http://a.espncdn.com/i/teamlogos/ncaa/500-dark/87.png,@NDFootball
160,Ohio,Mid-American,fbs,#295A29,#e4bb85,NULL,Bobcats,http://a.espncdn.com/i/teamlogos/ncaa/500/195.png,http://a.espncdn.com/i/teamlogos/ncaa/500-dark/195.png,@OhioFootball
161,Ohio State,Big Ten,fbs,#DE3121,#666666,NULL,Buckeyes,http://a.espncdn.com/i/teamlogos/ncaa/500/194.png,http://a.espncdn.com/i/teamlogos/ncaa/500-dark/194.png,@OhioStateFB
162,Oklahoma,Big 12,fbs,#7b0000,#cccccc,NULL,Sooners,http://a.espncdn.com/i/teamlogos/ncaa/500/201.png,http://a.espncdn.com/i/teamlogos/ncaa/500-dark/201.png,@OU_Football
163,Oklahoma State,Big 12,fbs,#FF6500,#ff9900,NULL,Cowboys,http://a.espncdn.com/i/teamlogos/ncaa/500/197.png,http://a.espncdn.com/i/teamlogos/ncaa/500-dark/197.png,@CowboyFB
164,Old Dominion,Sun Belt,fbs,#00507d,#a1d2f1,NULL,Monarchs,http://a.espncdn.com/i/teamlogos/ncaa/500/295.png,http://a.espncdn.com/i/teamlogos/ncaa/500-dark/295.png,@ODUFootball
165,Ole Miss,SEC,fbs,#001148,#00205b,NULL,Rebels,http://a.espncdn.com/i/teamlogos/ncaa/500/145.png,http://a.espncdn.com/i/teamlogos/ncaa/500-dark/145.png,@OleMissFB
166,Oregon,Pac-12,fbs,#044520,#fee123,NULL,Ducks,http://a.espncdn.com/i/teamlogos/ncaa/500/2483.png,http://a.espncdn.com/i/teamlogos/ncaa/500-dark/2483.png,@OregonFootball
167,Oregon State,Pac-12,fbs,#c34500,#dea076,NULL,Beavers,http://a.espncdn.com/i/teamlogos/ncaa/500/204.png,http://a.espncdn.com/i/teamlogos/ncaa/500-dark/204.png,@BeaverFootball
168,Penn State,Big Ten,fbs,#041E42,#ffffff,NULL,Nittany Lions,http://a.espncdn.com/i/teamlogos/ncaa/500/213.png,http://a.espncdn.com/i/teamlogos/ncaa/500-dark/213.png,@PennStateFball
169,Pennsylvania,Ivy,fcs,#082A74,#a6163d,NULL,Quakers,http://a.espncdn.com/i/teamlogos/ncaa/500/219.png,http://a.espncdn.com/i/teamlogos/ncaa/500-dark/219.png,@PENNfb
170,Pittsburgh,ACC,fbs,#003263,#231f20,NULL,Panthers,http://a.espncdn.com/i/teamlogos/ncaa/500/221.png,http://a.espncdn.com/i/teamlogos/ncaa/500-dark/221.png,@Pitt_FB
171,Portland State,Big Sky,fcs,#00311e,#ebebeb,NULL,Vikings,http://a.espncdn.com/i/teamlogos/ncaa/500/2502.png,http://a.espncdn.com/i/teamlogos/ncaa/500-dark/2502.png,@PSUViksFB
172,Prairie View,SWAC,fcs,#4d0960,NULL,NULL,Panthers,http://a.espncdn.com/i/teamlogos/ncaa/500/2504.png,http://a.espncdn.com/i/teamlogos/ncaa/500-dark/2504.png,@PVAMU_Football
173,Presbyterian College,Pioneer,fcs,#194896,#990134,NULL,Blue Hose,http://a.espncdn.com/i/teamlogos/ncaa/500/2506.png,http://a.espncdn.com/i/teamlogos/ncaa/500-dark/2506.png,@BlueHoseFtball
174,Princeton,Ivy,fcs,#ff9408,#080808,NULL,Tigers,http://a.espncdn.com/i/teamlogos/ncaa/500/163.png,http://a.espncdn.com/i/teamlogos/ncaa/500-dark/163.png,@PUTigerFootball
175,Purdue,Big Ten,fbs,#B89D29,#a4a9ad,NULL,Boilermakers,http://a.espncdn.com/i/teamlogos/ncaa/500/2509.png,http://a.espncdn.com/i/teamlogos/ncaa/500-dark/2509.png,@BoilerFootball
176,Rhode Island,CAA,fcs,#091f3f,#5ab3e8,NULL,Rams,http://a.espncdn.com/i/teamlogos/ncaa/500/227.png,http://a.espncdn.com/i/teamlogos/ncaa/500-dark/227.png,@RhodyFootball
177,Rice,American Athletic,fbs,#003D7D,#d1d5d8,NULL,Owls,http://a.espncdn.com/i/teamlogos/ncaa/500/242.png,http://a.espncdn.com/i/teamlogos/ncaa/500-dark/242.png,@RiceFootball
178,Richmond,CAA,fcs,#9e0712,#b90b2e,NULL,Spiders,http://a.espncdn.com/i/teamlogos/ncaa/500/257.png,http://a.espncdn.com/i/teamlogos/ncaa/500-dark/257.png,@SpiderFootball
179,Robert Morris,Big South-OVC,fcs,#00214D,#a21d2b,NULL,Colonials,http://a.espncdn.com/i/teamlogos/ncaa/500/2523.png,http://a.espncdn.com/i/teamlogos/ncaa/500-dark/2523.png,@RMUFootball
180,Rutgers,Big Ten,fbs,#d21034,#ffffff,NULL,Scarlet Knights,http://a.espncdn.com/i/teamlogos/ncaa/500/164.png,http://a.espncdn.com/i/teamlogos/ncaa/500-dark/164.png,@Rfootball
181,Sacramento State,Big Sky,fcs,#00573C,#cdb97d,NULL,Hornets,http://a.espncdn.com/i/teamlogos/ncaa/500/16.png,http://a.espncdn.com/i/teamlogos/ncaa/500-dark/16.png,@SacHornetsFB
182,Sacred Heart,NEC,fcs,#a40012,#c29472,NULL,Pioneers,http://a.espncdn.com/i/teamlogos/ncaa/500/2529.png,http://a.espncdn.com/i/teamlogos/ncaa/500-dark/2529.png,@SHU__Football
183,Samford,Southern,fcs,#005485,#bc0023,NULL,Bulldogs,http://a.espncdn.com/i/teamlogos/ncaa/500/2535.png,http://a.espncdn.com/i/teamlogos/ncaa/500-dark/2535.png,@SamfordFootball
184,Sam Houston State,Conference USA,fbs,#fe5000,#000000,NULL,Bearkats,http://a.espncdn.com/i/teamlogos/ncaa/500/2534.png,http://a.espncdn.com/i/teamlogos/ncaa/500-dark/2534.png,@BearkatsFB
185,San Diego,Pioneer,fcs,#2f99d4,#2f99d4,NULL,Toreros,http://a.espncdn.com/i/teamlogos/ncaa/500/301.png,http://a.espncdn.com/i/teamlogos/ncaa/500-dark/301.png,@USDFootball
186,San Diego State,Mountain West,fbs,#BF2C37,#a8996e,NULL,Aztecs,http://a.espncdn.com/i/teamlogos/ncaa/500/21.png,http://a.espncdn.com/i/teamlogos/ncaa/500-dark/21.png,@AztecFB
187,San Jos√© State,Mountain West,fbs,#005893,#fdba31,NULL,Spartans,http://a.espncdn.com/i/teamlogos/ncaa/500/23.png,http://a.espncdn.com/i/teamlogos/ncaa/500-dark/23.png,@SanJoseStateFB
188,SMU,American Athletic,fbs,#E32F38,#ecdcb9,NULL,Mustangs,http://a.espncdn.com/i/teamlogos/ncaa/500/2567.png,http://a.espncdn.com/i/teamlogos/ncaa/500-dark/2567.png,@SMUFB
189,South Alabama,Sun Belt,fbs,#003E7E,NULL,NULL,Jaguars,http://a.espncdn.com/i/teamlogos/ncaa/500/6.png,http://a.espncdn.com/i/teamlogos/ncaa/500-dark/6.png,@SouthAlabamaFB
190,South Carolina,SEC,fbs,#670010,#000000,NULL,Gamecocks,http://a.espncdn.com/i/teamlogos/ncaa/500/2579.png,http://a.espncdn.com/i/teamlogos/ncaa/500-dark/2579.png,@GamecockFB
191,South Carolina State,MEAC,fcs,#7d1315,#104897,NULL,Bulldogs,http://a.espncdn.com/i/teamlogos/ncaa/500/2569.png,http://a.espncdn.com/i/teamlogos/ncaa/500-dark/2569.png,@SCState_FB
192,South Dakota,MVFC,fcs,#CD1241,#f0f0f0,NULL,Coyotes,http://a.espncdn.com/i/teamlogos/ncaa/500/233.png,http://a.espncdn.com/i/teamlogos/ncaa/500-dark/233.png,@SDCoyotesFB
193,South Dakota State,MVFC,fcs,#005DAB,#c33139,NULL,Jackrabbits,http://a.espncdn.com/i/teamlogos/ncaa/500/2571.png,http://a.espncdn.com/i/teamlogos/ncaa/500-dark/2571.png,@GoJacksFB
194,Southeastern Louisiana,Southland,fcs,#215732,#ffc72c,NULL,Lions,http://a.espncdn.com/i/teamlogos/ncaa/500/2545.png,http://a.espncdn.com/i/teamlogos/ncaa/500-dark/2545.png,@SLUFootball
195,Southeast Missouri State,Big South-OVC,fcs,#cc0000,#080808,NULL,Redhawks,http://a.espncdn.com/i/teamlogos/ncaa/500/2546.png,http://a.espncdn.com/i/teamlogos/ncaa/500-dark/2546.png,@SEMOFootball
196,Southern,SWAC,fcs,#004B97,#ffc82d,NULL,Jaguars,http://a.espncdn.com/i/teamlogos/ncaa/500/2582.png,http://a.espncdn.com/i/teamlogos/ncaa/500-dark/2582.png,@SouthernUsports
197,Southern Illinois,MVFC,fcs,#85283D,#c2c3c0,NULL,Salukis,http://a.espncdn.com/i/teamlogos/ncaa/500/79.png,http://a.espncdn.com/i/teamlogos/ncaa/500-dark/79.png,@SIU_Football
198,Southern Mississippi,Sun Belt,fbs,#FFAA3C,#ffc423,NULL,Golden Eagles,http://a.espncdn.com/i/teamlogos/ncaa/500/2572.png,http://a.espncdn.com/i/teamlogos/ncaa/500-dark/2572.png,@SouthernMissFB
199,Southern Utah,UAC,fcs,#d10000,#c2c3c0,NULL,Thunderbirds,http://a.espncdn.com/i/teamlogos/ncaa/500/253.png,http://a.espncdn.com/i/teamlogos/ncaa/500-dark/253.png,@SUUFB
200,South Florida,American Athletic,fbs,#004A36,#231f20,NULL,Bulls,http://a.espncdn.com/i/teamlogos/ncaa/500/58.png,http://a.espncdn.com/i/teamlogos/ncaa/500-dark/58.png,@USFFootball
201,Stanford,Pac-12,fbs,#A80532,#ffffff,NULL,Cardinal,http://a.espncdn.com/i/teamlogos/ncaa/500/24.png,http://a.espncdn.com/i/teamlogos/ncaa/500-dark/24.png,@StanfordFball
202,Stephen F. Austin,UAC,fcs,#393996,#bec0c2,NULL,Lumberjacks,http://a.espncdn.com/i/teamlogos/ncaa/500/2617.png,http://a.espncdn.com/i/teamlogos/ncaa/500-dark/2617.png,@SFA_Football
203,Stetson,Pioneer,fcs,#0a5640,#56854e,NULL,Hatters,http://a.espncdn.com/i/teamlogos/ncaa/500/56.png,http://a.espncdn.com/i/teamlogos/ncaa/500-dark/56.png,@StetsonFootball
204,St Francis (PA),NEC,fcs,#a20012,NULL,NULL,Red Flash,http://a.espncdn.com/i/teamlogos/ncaa/500/2598.png,http://a.espncdn.com/i/teamlogos/ncaa/500-dark/2598.png,@RedFlashFB
205,Stonehill,NEC,fcs,#000000,NULL,NULL,Chieftains,http://a.espncdn.com/i/teamlogos/ncaa/500/284.png,http://a.espncdn.com/i/teamlogos/ncaa/500-dark/284.png,@StonehillFB
206,Stony Brook,CAA,fcs,#990000,NULL,NULL,Seawolves,http://a.espncdn.com/i/teamlogos/ncaa/500/2619.png,http://a.espncdn.com/i/teamlogos/ncaa/500-dark/2619.png,@StonyBrookFB
207,St. Thomas (MN),Pioneer,fcs,#000000,NULL,NULL,Tommies,http://a.espncdn.com/i/teamlogos/ncaa/500/2900.png,http://a.espncdn.com/i/teamlogos/ncaa/500-dark/2900.png,@UST_Football
208,Syracuse,ACC,fbs,#F37321,#0d1d37,NULL,Orange,http://a.espncdn.com/i/teamlogos/ncaa/500/183.png,http://a.espncdn.com/i/teamlogos/ncaa/500-dark/183.png,@CuseFootball
209,Tarleton State,UAC,fcs,#000000,NULL,NULL,Texans,http://a.espncdn.com/i/teamlogos/ncaa/500/2627.png,http://a.espncdn.com/i/teamlogos/ncaa/500-dark/2627.png,@TarletonFB
210,TCU,Big 12,fbs,#3C377D,#f1f2f3,NULL,Horned Frogs,http://a.espncdn.com/i/teamlogos/ncaa/500/2628.png,http://a.espncdn.com/i/teamlogos/ncaa/500-dark/2628.png,@TCUFootball
211,Temple,American Athletic,fbs,#A80532,#a7a9ac,NULL,Owls,http://a.espncdn.com/i/teamlogos/ncaa/500/218.png,http://a.espncdn.com/i/teamlogos/ncaa/500-dark/218.png,@Temple_FB
212,Tennessee,SEC,fbs,#EE9627,#ffffff,NULL,Volunteers,http://a.espncdn.com/i/teamlogos/ncaa/500/2633.png,http://a.espncdn.com/i/teamlogos/ncaa/500-dark/2633.png,@Vol_Football
213,Tennessee State,Big South-OVC,fcs,#171796,#f0f0f0,NULL,Tigers,http://a.espncdn.com/i/teamlogos/ncaa/500/2634.png,http://a.espncdn.com/i/teamlogos/ncaa/500-dark/2634.png,@TSU_Football
214,Tennessee Tech,Big South-OVC,fcs,#5A4099,#ffde00,NULL,Golden Eagles,http://a.espncdn.com/i/teamlogos/ncaa/500/2635.png,http://a.espncdn.com/i/teamlogos/ncaa/500-dark/2635.png,@TNTechFootball
215,Texas,Big 12,fbs,#EE7524,#f0f0f0,NULL,Longhorns,http://a.espncdn.com/i/teamlogos/ncaa/500/251.png,http://a.espncdn.com/i/teamlogos/ncaa/500-dark/251.png,@TexasFootball
216,Texas A&M,SEC,fbs,#5C0025,#ffffff,NULL,Aggies,http://a.espncdn.com/i/teamlogos/ncaa/500/245.png,http://a.espncdn.com/i/teamlogos/ncaa/500-dark/245.png,@AggieFootball
217,Texas A&M-Commerce,Southland,fcs,#000000,NULL,NULL,Lions,http://a.espncdn.com/i/teamlogos/ncaa/500/2837.png,http://a.espncdn.com/i/teamlogos/ncaa/500-dark/2837.png,NULL
218,Texas Southern,SWAC,fcs,#6A0403,#ebebeb,NULL,Tigers,http://a.espncdn.com/i/teamlogos/ncaa/500/2640.png,http://a.espncdn.com/i/teamlogos/ncaa/500-dark/2640.png,@TSUFootball
219,Texas State,Sun Belt,fbs,#4e1719,#b4975a,NULL,Bobcats,http://a.espncdn.com/i/teamlogos/ncaa/500/326.png,http://a.espncdn.com/i/teamlogos/ncaa/500-dark/326.png,@TXStateFootball
220,Texas Tech,Big 12,fbs,#C80025,#231f20,NULL,Red Raiders,http://a.espncdn.com/i/teamlogos/ncaa/500/2641.png,http://a.espncdn.com/i/teamlogos/ncaa/500-dark/2641.png,@TexasTechFB
221,The Citadel,Southern,fcs,#002b5c,#f0f0f0,NULL,Bulldogs,http://a.espncdn.com/i/teamlogos/ncaa/500/2643.png,http://a.espncdn.com/i/teamlogos/ncaa/500-dark/2643.png,@CitadelFootball
222,Toledo,Mid-American,fbs,#15397F,#FFDA00,NULL,Rockets,http://a.espncdn.com/i/teamlogos/ncaa/500/2649.png,http://a.espncdn.com/i/teamlogos/ncaa/500-dark/2649.png,@ToledoFB
223,Towson,CAA,fcs,#FFC229,NULL,NULL,Tigers,http://a.espncdn.com/i/teamlogos/ncaa/500/119.png,http://a.espncdn.com/i/teamlogos/ncaa/500-dark/119.png,@Towson_FB
224,Troy,Sun Belt,fbs,#AE0210,#88898c,NULL,Trojans,http://a.espncdn.com/i/teamlogos/ncaa/500/2653.png,http://a.espncdn.com/i/teamlogos/ncaa/500-dark/2653.png,@TroyTrojansFB
225,Tulane,American Athletic,fbs,#005837,#3baf29,NULL,Green Wave,http://a.espncdn.com/i/teamlogos/ncaa/500/2655.png,http://a.espncdn.com/i/teamlogos/ncaa/500-dark/2655.png,@GreenWaveFB
226,Tulsa,American Athletic,fbs,#004371,#ee3b33,NULL,Golden Hurricane,http://a.espncdn.com/i/teamlogos/ncaa/500/202.png,http://a.espncdn.com/i/teamlogos/ncaa/500-dark/202.png,@TulsaFootball
227,UAB,American Athletic,fbs,#003b28,#ffc845,NULL,Blazers,http://a.espncdn.com/i/teamlogos/ncaa/500/5.png,http://a.espncdn.com/i/teamlogos/ncaa/500-dark/5.png,@UAB_FB
228,UC Davis,Big Sky,fcs,#002855,#c3c4c6,NULL,Aggies,http://a.espncdn.com/i/teamlogos/ncaa/500/302.png,http://a.espncdn.com/i/teamlogos/ncaa/500-dark/302.png,@UCDfootball
229,UCF,Big 12,fbs,#000000,#231f20,NULL,Knights,http://a.espncdn.com/i/teamlogos/ncaa/500/2116.png,http://a.espncdn.com/i/teamlogos/ncaa/500-dark/2116.png,@UCF_Football
230,UCLA,Pac-12,fbs,#005C8E,#ffc72c,NULL,Bruins,http://a.espncdn.com/i/teamlogos/ncaa/500/26.png,http://a.espncdn.com/i/teamlogos/ncaa/500-dark/26.png,@UCLAFootball
231,UMass,FBS Independents,fbs,#971B2F,#572932,NULL,Minutemen,http://a.espncdn.com/i/teamlogos/ncaa/500/113.png,http://a.espncdn.com/i/teamlogos/ncaa/500-dark/113.png,@UMassFootball
232,UNLV,Mountain West,fbs,#000000,#c2c4c6,NULL,Rebels,http://a.espncdn.com/i/teamlogos/ncaa/500/2439.png,http://a.espncdn.com/i/teamlogos/ncaa/500-dark/2439.png,@UNLVFootball
233,USC,Pac-12,fbs,#ffc72c,#ae2531,NULL,Trojans,http://a.espncdn.com/i/teamlogos/ncaa/500/30.png,http://a.espncdn.com/i/teamlogos/ncaa/500-dark/30.png,@uscfb
234,Utah,Pac-12,fbs,#890012,#7e8083,NULL,Utes,http://a.espncdn.com/i/teamlogos/ncaa/500/254.png,http://a.espncdn.com/i/teamlogos/ncaa/500-dark/254.png,@Utah_Football
235,Utah State,Mountain West,fbs,#003263,#949ca1,NULL,Aggies,http://a.espncdn.com/i/teamlogos/ncaa/500/328.png,http://a.espncdn.com/i/teamlogos/ncaa/500-dark/328.png,@USUFootball
236,Utah Tech,UAC,fcs,#000000,NULL,NULL,Trailblazers,http://a.espncdn.com/i/teamlogos/ncaa/500/3101.png,http://a.espncdn.com/i/teamlogos/ncaa/500-dark/3101.png,@UtahTechFB
237,UTEP,Conference USA,fbs,#ff8200,#041e42,NULL,Miners,http://a.espncdn.com/i/teamlogos/ncaa/500/2638.png,http://a.espncdn.com/i/teamlogos/ncaa/500-dark/2638.png,@UTEPFB
238,UT Martin,Big South-OVC,fcs,#FF6700,#102a5c,NULL,Skyhawks,http://a.espncdn.com/i/teamlogos/ncaa/500/2630.png,http://a.espncdn.com/i/teamlogos/ncaa/500-dark/2630.png,@UTM_FOOTBALL
239,UT San Antonio,American Athletic,fbs,#002A5C,#f47321,NULL,Roadrunners,http://a.espncdn.com/i/teamlogos/ncaa/500/2636.png,http://a.espncdn.com/i/teamlogos/ncaa/500-dark/2636.png,NULL
240,Valparaiso,Pioneer,fcs,#794500,NULL,NULL,Crusaders,http://a.espncdn.com/i/teamlogos/ncaa/500/2674.png,http://a.espncdn.com/i/teamlogos/ncaa/500-dark/2674.png,@ValpoUFootball
241,Vanderbilt,SEC,fbs,#000000,#231f20,NULL,Commodores,http://a.espncdn.com/i/teamlogos/ncaa/500/238.png,http://a.espncdn.com/i/teamlogos/ncaa/500-dark/238.png,@VandyFootball
242,Villanova,CAA,fcs,#123d7C,#f0f0f0,NULL,Wildcats,http://a.espncdn.com/i/teamlogos/ncaa/500/222.png,http://a.espncdn.com/i/teamlogos/ncaa/500-dark/222.png,@NovaFootball
243,Virginia,ACC,fbs,#f84c1e,#ffffff,NULL,Cavaliers,http://a.espncdn.com/i/teamlogos/ncaa/500/258.png,http://a.espncdn.com/i/teamlogos/ncaa/500-dark/258.png,@UVAFootball
244,Virginia Tech,ACC,fbs,#74232D,#c2c1ba,NULL,Hokies,http://a.espncdn.com/i/teamlogos/ncaa/500/259.png,http://a.espncdn.com/i/teamlogos/ncaa/500-dark/259.png,@VT_Football
245,VMI,Southern,fcs,#E52D37,#eec52b,NULL,Keydets,http://a.espncdn.com/i/teamlogos/ncaa/500/2678.png,http://a.espncdn.com/i/teamlogos/ncaa/500-dark/2678.png,@VMI_Football
246,Wagner,NEC,fcs,#00483A,#ffffff,NULL,Seahawks,http://a.espncdn.com/i/teamlogos/ncaa/500/2681.png,http://a.espncdn.com/i/teamlogos/ncaa/500-dark/2681.png,@Wagner_Football
247,Wake Forest,ACC,fbs,#9E7E38,#000000,NULL,Demon Deacons,http://a.espncdn.com/i/teamlogos/ncaa/500/154.png,http://a.espncdn.com/i/teamlogos/ncaa/500-dark/154.png,@WakeFB
248,Washington,Pac-12,fbs,#2B2F64,#e8e3d3,NULL,Huskies,http://a.espncdn.com/i/teamlogos/ncaa/500/264.png,http://a.espncdn.com/i/teamlogos/ncaa/500-dark/264.png,@UW_Football
249,Washington State,Pac-12,fbs,#94022a,#6a747c,NULL,Cougars,http://a.espncdn.com/i/teamlogos/ncaa/500/265.png,http://a.espncdn.com/i/teamlogos/ncaa/500-dark/265.png,@WSUCougarFB
250,Weber State,Big Sky,fcs,#18005a,#ebebeb,NULL,Wildcats,http://a.espncdn.com/i/teamlogos/ncaa/500/2692.png,http://a.espncdn.com/i/teamlogos/ncaa/500-dark/2692.png,@WeberStateFB
251,Western Carolina,Southern,fcs,#492F91,#bf9e70,NULL,Catamounts,http://a.espncdn.com/i/teamlogos/ncaa/500/2717.png,http://a.espncdn.com/i/teamlogos/ncaa/500-dark/2717.png,@WCU_FB
252,Western Illinois,MVFC,fcs,#4e1e8a,#ffc90a,NULL,Leathernecks,http://a.espncdn.com/i/teamlogos/ncaa/500/2710.png,http://a.espncdn.com/i/teamlogos/ncaa/500-dark/2710.png,@WIUFootball
253,Western Kentucky,Conference USA,fbs,#F32026,#b3b5b8,NULL,Hilltoppers,http://a.espncdn.com/i/teamlogos/ncaa/500/98.png,http://a.espncdn.com/i/teamlogos/ncaa/500-dark/98.png,@WKUFootball
254,Western Michigan,Mid-American,fbs,#532e1f,#8b7f79,NULL,Broncos,http://a.espncdn.com/i/teamlogos/ncaa/500/2711.png,http://a.espncdn.com/i/teamlogos/ncaa/500-dark/2711.png,@WMU_Football
255,West Virginia,Big 12,fbs,#FFC600,#eaaa00,NULL,Mountaineers,http://a.espncdn.com/i/teamlogos/ncaa/500/277.png,http://a.espncdn.com/i/teamlogos/ncaa/500-dark/277.png,@WVUFootball
256,William & Mary,CAA,fcs,#103217,#f6b220,NULL,Tribe,http://a.espncdn.com/i/teamlogos/ncaa/500/2729.png,http://a.espncdn.com/i/teamlogos/ncaa/500-dark/2729.png,@WMTribeFootball
257,Wisconsin,Big Ten,fbs,#A00001,#f7f7f7,NULL,Badgers,http://a.espncdn.com/i/teamlogos/ncaa/500/275.png,http://a.espncdn.com/i/teamlogos/ncaa/500-dark/275.png,@BadgerFootball
258,Wofford,Southern,fcs,#533B23,#f0f0f0,NULL,Terriers,http://a.espncdn.com/i/teamlogos/ncaa/500/2747.png,http://a.espncdn.com/i/teamlogos/ncaa/500-dark/2747.png,@Wofford_FB
259,Wyoming,Mountain West,fbs,#533B22,#ffffff,NULL,Cowboys,http://a.espncdn.com/i/teamlogos/ncaa/500/2751.png,http://a.espncdn.com/i/teamlogos/ncaa/500-dark/2751.png,@Wyo_Football
260,Yale,Ivy,fcs,#004a81,#286dc0,NULL,Bulldogs,http://a.espncdn.com/i/teamlogos/ncaa/500/43.png,http://a.espncdn.com/i/teamlogos/ncaa/500-dark/43.png,@Yale_Football
261,Youngstown State,MVFC,fcs,#E51936,#690717,NULL,Penguins,http://a.espncdn.com/i/teamlogos/ncaa/500/2754.png,http://a.espncdn.com/i/teamlogos/ncaa/500-dark/2754.png,@YoungstownStFB
